timestamp,sensor_id,sensor_type,value,unit,location,quality,status
2026-04-07T11:06:21-05:00,sensor-001,temperature,19.03,°C,Building-A/Floor-1,95,normal
2026-04-07T11:21:21-05:00,sensor-001,temperature,20.25,°C,Building-A/Floor-1,82,warning
2026-04-07T11:36:21-05:00,sensor-001,temperature,21.27,°C,Building-A/Floor-1,97,normal
2026-04-07T11:51:21-05:00,sensor-001,temperature,21.92,°C,Building-A/Floor-1,96,normal
2026-04-07T12:06:21-05:00,sensor-001,temperature,23.28,°C,Building-A/Floor-1,98,normal
2026-04-07T12:21:21-05:00,sensor-001,temperature,23.61,°C,Building-A/Floor-1,98,normal
2026-04-07T12:36:21-05:00,sensor-001,temperature,25.05,°C,Building-A/Floor-1,96,normal
2026-04-07T12:51:21-05:00,sensor-001,temperature,26.34,°C,Building-A/Floor-1,99,normal
2026-04-07T13:06:21-05:00,sensor-001,temperature,26.46,°C,Building-A/Floor-1,96,normal
2026-04-07T13:21:21-05:00,sensor-001,temperature,27.86,°C,Building-A/Floor-1,99,normal
2026-04-07T13:36:21-05:00,sensor-001,temperature,27.87,°C,Building-A/Floor-1,95,normal
2026-04-07T13:51:21-05:00,sensor-001,temperature,28.75,°C,Building-A/Floor-1,98,normal
2026-04-07T14:06:21-05:00,sensor-001,temperature,29.02,°C,Building-A/Floor-1,100,normal
2026-04-07T14:21:21-05:00,sensor-001,temperature,29.81,°C,Building-A/Floor-1,97,normal
2026-04-07T14:36:21-05:00,sensor-001,temperature,29.40,°C,Building-A/Floor-1,79,warning
2026-04-07T14:51:21-05:00,sensor-001,temperature,29.58,°C,Building-A/Floor-1,99,normal
2026-04-07T15:06:21-05:00,sensor-001,temperature,29.77,°C,Building-A/Floor-1,98,normal
2026-04-07T15:21:21-05:00,sensor-001,temperature,29.97,°C,Building-A/Floor-1,98,normal
2026-04-07T15:36:21-05:00,sensor-001,temperature,29.18,°C,Building-A/Floor-1,98,normal
2026-04-07T15:51:21-05:00,sensor-001,temperature,29.70,°C,Building-A/Floor-1,97,normal
2026-04-07T16:06:21-05:00,sensor-001,temperature,28.77,°C,Building-A/Floor-1,99,normal
2026-04-07T16:21:21-05:00,sensor-001,temperature,27.67,°C,Building-A/Floor-1,97,normal
2026-04-07T16:36:21-05:00,sensor-001,temperature,27.58,°C,Building-A/Floor-1,100,normal
2026-04-07T16:51:21-05:00,sensor-001,temperature,27.13,°C,Building-A/Floor-1,99,normal
2026-04-07T17:06:21-05:00,sensor-001,temperature,25.54,°C,Building-A/Floor-1,100,normal
2026-04-07T17:21:21-05:00,sensor-001,temperature,24.93,°C,Building-A/Floor-1,97,normal
2026-04-07T17:36:21-05:00,sensor-001,temperature,24.36,°C,Building-A/Floor-1,99,normal
2026-04-07T17:51:21-05:00,sensor-001,temperature,23.40,°C,Building-A/Floor-1,97,normal
2026-04-07T18:06:21-05:00,sensor-001,temperature,21.61,°C,Building-A/Floor-1,100,normal
2026-04-07T18:21:21-05:00,sensor-001,temperature,21.31,°C,Building-A/Floor-1,97,normal
2026-04-07T18:36:21-05:00,sensor-001,temperature,19.69,°C,Building-A/Floor-1,98,normal
2026-04-07T18:51:21-05:00,sensor-001,temperature,19.17,°C,Building-A/Floor-1,98,normal
2026-04-07T19:06:21-05:00,sensor-001,temperature,18.42,°C,Building-A/Floor-1,98,normal
2026-04-07T19:21:21-05:00,sensor-001,temperature,17.44,°C,Building-A/Floor-1,98,normal
2026-04-07T19:36:21-05:00,sensor-001,temperature,16.81,°C,Building-A/Floor-1,99,normal
2026-04-07T19:51:21-05:00,sensor-001,temperature,16.04,°C,Building-A/Floor-1,96,normal
2026-04-07T20:06:21-05:00,sensor-001,temperature,15.16,°C,Building-A/Floor-1,100,normal
2026-04-07T20:21:21-05:00,sensor-001,temperature,15.12,°C,Building-A/Floor-1,99,normal
2026-04-07T20:36:21-05:00,sensor-001,temperature,14.26,°C,Building-A/Floor-1,96,normal
2026-04-07T20:51:21-05:00,sensor-001,temperature,13.89,°C,Building-A/Floor-1,100,normal
2026-04-07T21:06:21-05:00,sensor-001,temperature,13.55,°C,Building-A/Floor-1,98,normal
2026-04-07T21:21:21-05:00,sensor-001,temperature,13.97,°C,Building-A/Floor-1,98,normal
2026-04-07T21:36:21-05:00,sensor-001,temperature,14.47,°C,Building-A/Floor-1,88,warning
2026-04-07T21:51:21-05:00,sensor-001,temperature,14.30,°C,Building-A/Floor-1,96,normal
2026-04-07T22:06:21-05:00,sensor-001,temperature,15.06,°C,Building-A/Floor-1,100,normal
2026-04-07T22:21:21-05:00,sensor-001,temperature,15.07,°C,Building-A/Floor-1,98,normal
2026-04-07T22:36:21-05:00,sensor-001,temperature,16.07,°C,Building-A/Floor-1,96,normal
2026-04-07T22:51:21-05:00,sensor-001,temperature,16.62,°C,Building-A/Floor-1,100,normal
2026-04-07T23:06:21-05:00,sensor-001,temperature,17.64,°C,Building-A/Floor-1,95,normal
2026-04-07T23:21:21-05:00,sensor-001,temperature,18.27,°C,Building-A/Floor-1,98,normal
2026-04-07T23:36:21-05:00,sensor-001,temperature,19.19,°C,Building-A/Floor-1,96,normal
2026-04-07T23:51:21-05:00,sensor-001,temperature,19.67,°C,Building-A/Floor-1,98,normal
2026-04-08T00:06:21-05:00,sensor-001,temperature,20.89,°C,Building-A/Floor-1,97,normal
2026-04-08T00:21:21-05:00,sensor-001,temperature,22.03,°C,Building-A/Floor-1,98,normal
2026-04-08T00:36:21-05:00,sensor-001,temperature,22.82,°C,Building-A/Floor-1,100,normal
2026-04-08T00:51:21-05:00,sensor-001,temperature,24.30,°C,Building-A/Floor-1,98,normal
2026-04-08T01:06:21-05:00,sensor-001,temperature,24.79,°C,Building-A/Floor-1,100,normal
2026-04-08T01:21:21-05:00,sensor-001,temperature,26.16,°C,Building-A/Floor-1,95,normal
2026-04-08T01:36:21-05:00,sensor-001,temperature,26.43,°C,Building-A/Floor-1,100,normal
2026-04-08T01:51:21-05:00,sensor-001,temperature,27.75,°C,Building-A/Floor-1,98,normal
2026-04-08T02:06:21-05:00,sensor-001,temperature,28.39,°C,Building-A/Floor-1,96,normal
2026-04-08T02:21:21-05:00,sensor-001,temperature,28.32,°C,Building-A/Floor-1,97,normal
2026-04-08T02:36:21-05:00,sensor-001,temperature,29.30,°C,Building-A/Floor-1,99,normal
2026-04-08T02:51:21-05:00,sensor-001,temperature,29.44,°C,Building-A/Floor-1,97,normal
2026-04-08T03:06:21-05:00,sensor-001,temperature,29.63,°C,Building-A/Floor-1,100,normal
2026-04-08T03:21:21-05:00,sensor-001,temperature,29.68,°C,Building-A/Floor-1,96,normal
2026-04-08T03:36:21-05:00,sensor-001,temperature,29.55,°C,Building-A/Floor-1,95,normal
2026-04-08T03:51:21-05:00,sensor-001,temperature,29.80,°C,Building-A/Floor-1,100,normal
2026-04-08T04:06:21-05:00,sensor-001,temperature,29.83,°C,Building-A/Floor-1,96,normal
2026-04-08T04:21:21-05:00,sensor-001,temperature,28.85,°C,Building-A/Floor-1,95,normal
2026-04-08T04:36:21-05:00,sensor-001,temperature,29.32,°C,Building-A/Floor-1,95,normal
2026-04-08T04:51:21-05:00,sensor-001,temperature,28.77,°C,Building-A/Floor-1,99,normal
2026-04-08T05:06:21-05:00,sensor-001,temperature,27.21,°C,Building-A/Floor-1,97,normal
2026-04-08T05:21:21-05:00,sensor-001,temperature,26.83,°C,Building-A/Floor-1,98,normal
2026-04-08T05:36:21-05:00,sensor-001,temperature,26.31,°C,Building-A/Floor-1,99,normal
2026-04-08T05:51:21-05:00,sensor-001,temperature,25.60,°C,Building-A/Floor-1,96,normal
2026-04-08T06:06:21-05:00,sensor-001,temperature,23.77,°C,Building-A/Floor-1,99,normal
2026-04-08T06:21:21-05:00,sensor-001,temperature,23.06,°C,Building-A/Floor-1,100,normal
2026-04-08T06:36:21-05:00,sensor-001,temperature,21.90,°C,Building-A/Floor-1,100,normal
2026-04-08T06:51:21-05:00,sensor-001,temperature,20.89,°C,Building-A/Floor-1,97,normal
2026-04-08T07:06:21-05:00,sensor-001,temperature,20.67,°C,Building-A/Floor-1,99,normal
2026-04-08T07:21:21-05:00,sensor-001,temperature,18.86,°C,Building-A/Floor-1,98,normal
2026-04-08T07:36:21-05:00,sensor-001,temperature,18.81,°C,Building-A/Floor-1,95,normal
2026-04-08T07:51:21-05:00,sensor-001,temperature,18.02,°C,Building-A/Floor-1,100,normal
2026-04-08T08:06:21-05:00,sensor-001,temperature,17.23,°C,Building-A/Floor-1,98,normal
2026-04-08T08:21:21-05:00,sensor-001,temperature,15.74,°C,Building-A/Floor-1,95,normal
2026-04-08T08:36:21-05:00,sensor-001,temperature,15.42,°C,Building-A/Floor-1,97,normal
2026-04-08T08:51:21-05:00,sensor-001,temperature,15.20,°C,Building-A/Floor-1,96,normal
2026-04-08T09:06:21-05:00,sensor-001,temperature,14.25,°C,Building-A/Floor-1,100,normal
2026-04-08T09:21:21-05:00,sensor-001,temperature,13.76,°C,Building-A/Floor-1,100,normal
2026-04-08T09:36:21-05:00,sensor-001,temperature,14.07,°C,Building-A/Floor-1,98,normal
2026-04-08T09:51:21-05:00,sensor-001,temperature,13.52,°C,Building-A/Floor-1,96,normal
2026-04-08T10:06:21-05:00,sensor-001,temperature,14.56,°C,Building-A/Floor-1,95,normal
2026-04-08T10:21:21-05:00,sensor-001,temperature,14.18,°C,Building-A/Floor-1,95,normal
2026-04-08T10:36:21-05:00,sensor-001,temperature,14.29,°C,Building-A/Floor-1,99,normal
2026-04-08T10:51:21-05:00,sensor-001,temperature,15.04,°C,Building-A/Floor-1,98,normal
2026-04-08T11:06:21-05:00,sensor-001,temperature,15.54,°C,Building-A/Floor-1,96,normal
2026-04-08T11:21:21-05:00,sensor-001,temperature,16.03,°C,Building-A/Floor-1,97,normal
2026-04-08T11:36:21-05:00,sensor-001,temperature,17.16,°C,Building-A/Floor-1,95,normal
2026-04-08T11:51:21-05:00,sensor-001,temperature,18.23,°C,Building-A/Floor-1,98,normal
2026-04-08T12:06:21-05:00,sensor-001,temperature,18.31,°C,Building-A/Floor-1,95,normal
2026-04-08T12:21:21-05:00,sensor-001,temperature,19.96,°C,Building-A/Floor-1,96,normal
2026-04-08T12:36:21-05:00,sensor-001,temperature,21.08,°C,Building-A/Floor-1,98,normal
2026-04-08T12:51:21-05:00,sensor-001,temperature,21.19,°C,Building-A/Floor-1,95,normal
2026-04-08T13:06:21-05:00,sensor-001,temperature,22.62,°C,Building-A/Floor-1,96,normal
2026-04-08T13:21:21-05:00,sensor-001,temperature,23.81,°C,Building-A/Floor-1,95,normal
2026-04-08T13:36:21-05:00,sensor-001,temperature,24.47,°C,Building-A/Floor-1,97,normal
2026-04-08T13:51:21-05:00,sensor-001,temperature,25.66,°C,Building-A/Floor-1,97,normal
2026-04-08T14:06:21-05:00,sensor-001,temperature,26.46,°C,Building-A/Floor-1,100,normal
2026-04-08T14:21:21-05:00,sensor-001,temperature,26.87,°C,Building-A/Floor-1,95,normal
2026-04-08T14:36:21-05:00,sensor-001,temperature,27.40,°C,Building-A/Floor-1,95,normal
2026-04-08T14:51:21-05:00,sensor-001,temperature,28.96,°C,Building-A/Floor-1,95,normal
2026-04-08T15:06:21-05:00,sensor-001,temperature,29.20,°C,Building-A/Floor-1,95,normal
2026-04-08T15:21:21-05:00,sensor-001,temperature,29.50,°C,Building-A/Floor-1,95,normal
2026-04-08T15:36:21-05:00,sensor-001,temperature,29.96,°C,Building-A/Floor-1,99,normal
2026-04-08T15:51:21-05:00,sensor-001,temperature,29.86,°C,Building-A/Floor-1,100,normal
2026-04-08T16:06:21-05:00,sensor-001,temperature,29.91,°C,Building-A/Floor-1,98,normal
2026-04-08T16:21:21-05:00,sensor-001,temperature,30.03,°C,Building-A/Floor-1,98,normal
2026-04-08T16:36:21-05:00,sensor-001,temperature,30.04,°C,Building-A/Floor-1,97,normal
2026-04-08T16:51:21-05:00,sensor-001,temperature,29.29,°C,Building-A/Floor-1,98,normal
2026-04-08T17:06:21-05:00,sensor-001,temperature,29.29,°C,Building-A/Floor-1,95,normal
2026-04-08T17:21:21-05:00,sensor-001,temperature,28.68,°C,Building-A/Floor-1,95,normal
2026-04-08T17:36:21-05:00,sensor-001,temperature,28.08,°C,Building-A/Floor-1,97,normal
2026-04-08T17:51:21-05:00,sensor-001,temperature,26.75,°C,Building-A/Floor-1,100,normal
2026-04-08T18:06:21-05:00,sensor-001,temperature,25.98,°C,Building-A/Floor-1,100,normal
2026-04-08T18:21:21-05:00,sensor-001,temperature,25.88,°C,Building-A/Floor-1,96,normal
2026-04-08T18:36:21-05:00,sensor-001,temperature,24.18,°C,Building-A/Floor-1,99,normal
2026-04-08T18:51:21-05:00,sensor-001,temperature,23.93,°C,Building-A/Floor-1,100,normal
2026-04-08T19:06:21-05:00,sensor-001,temperature,22.41,°C,Building-A/Floor-1,95,normal
2026-04-08T19:21:21-05:00,sensor-001,temperature,21.53,°C,Building-A/Floor-1,99,normal
2026-04-08T19:36:21-05:00,sensor-001,temperature,20.86,°C,Building-A/Floor-1,100,normal
2026-04-08T19:51:21-05:00,sensor-001,temperature,19.44,°C,Building-A/Floor-1,99,normal
2026-04-08T20:06:21-05:00,sensor-001,temperature,18.19,°C,Building-A/Floor-1,99,normal
2026-04-08T20:21:21-05:00,sensor-001,temperature,18.00,°C,Building-A/Floor-1,97,normal
2026-04-08T20:36:21-05:00,sensor-001,temperature,16.77,°C,Building-A/Floor-1,96,normal
2026-04-08T20:51:21-05:00,sensor-001,temperature,16.46,°C,Building-A/Floor-1,97,normal
2026-04-08T21:06:21-05:00,sensor-001,temperature,15.96,°C,Building-A/Floor-1,99,normal
2026-04-08T21:21:21-05:00,sensor-001,temperature,15.41,°C,Building-A/Floor-1,96,normal
2026-04-08T21:36:21-05:00,sensor-001,temperature,14.27,°C,Building-A/Floor-1,97,normal
2026-04-08T21:51:21-05:00,sensor-001,temperature,13.79,°C,Building-A/Floor-1,97,normal
2026-04-08T22:06:21-05:00,sensor-001,temperature,13.94,°C,Building-A/Floor-1,96,normal
2026-04-08T22:21:21-05:00,sensor-001,temperature,14.18,°C,Building-A/Floor-1,98,normal
2026-04-08T22:36:21-05:00,sensor-001,temperature,14.24,°C,Building-A/Floor-1,96,normal
2026-04-08T22:51:21-05:00,sensor-001,temperature,14.62,°C,Building-A/Floor-1,95,normal
2026-04-08T23:06:21-05:00,sensor-001,temperature,14.53,°C,Building-A/Floor-1,96,normal
2026-04-08T23:21:21-05:00,sensor-001,temperature,15.01,°C,Building-A/Floor-1,98,normal
2026-04-08T23:36:21-05:00,sensor-001,temperature,15.77,°C,Building-A/Floor-1,95,normal
2026-04-08T23:51:21-05:00,sensor-001,temperature,16.25,°C,Building-A/Floor-1,96,normal
2026-04-09T00:06:21-05:00,sensor-001,temperature,16.91,°C,Building-A/Floor-1,95,normal
2026-04-09T00:21:21-05:00,sensor-001,temperature,17.90,°C,Building-A/Floor-1,97,normal
2026-04-09T00:36:21-05:00,sensor-001,temperature,18.72,°C,Building-A/Floor-1,100,normal
2026-04-09T00:51:21-05:00,sensor-001,temperature,19.26,°C,Building-A/Floor-1,100,normal
2026-04-09T01:06:21-05:00,sensor-001,temperature,20.07,°C,Building-A/Floor-1,99,normal
2026-04-09T01:21:21-05:00,sensor-001,temperature,20.96,°C,Building-A/Floor-1,100,normal
2026-04-09T01:36:21-05:00,sensor-001,temperature,22.56,°C,Building-A/Floor-1,100,normal
2026-04-09T01:51:21-05:00,sensor-001,temperature,23.42,°C,Building-A/Floor-1,96,normal
2026-04-09T02:06:21-05:00,sensor-001,temperature,24.02,°C,Building-A/Floor-1,96,normal
2026-04-09T02:21:21-05:00,sensor-001,temperature,25.71,°C,Building-A/Floor-1,100,normal
2026-04-09T02:36:21-05:00,sensor-001,temperature,26.05,°C,Building-A/Floor-1,100,normal
2026-04-09T02:51:21-05:00,sensor-001,temperature,26.57,°C,Building-A/Floor-1,97,normal
2026-04-09T03:06:21-05:00,sensor-001,temperature,27.54,°C,Building-A/Floor-1,99,normal
2026-04-09T03:21:21-05:00,sensor-001,temperature,28.27,°C,Building-A/Floor-1,96,normal
2026-04-09T03:36:21-05:00,sensor-001,temperature,28.44,°C,Building-A/Floor-1,99,normal
2026-04-09T03:51:21-05:00,sensor-001,temperature,29.81,°C,Building-A/Floor-1,100,normal
2026-04-09T04:06:21-05:00,sensor-001,temperature,29.31,°C,Building-A/Floor-1,99,normal
2026-04-09T04:21:21-05:00,sensor-001,temperature,30.36,°C,Building-A/Floor-1,95,normal
2026-04-09T04:36:21-05:00,sensor-001,temperature,30.33,°C,Building-A/Floor-1,99,normal
2026-04-09T04:51:21-05:00,sensor-001,temperature,29.64,°C,Building-A/Floor-1,99,normal
2026-04-09T05:06:21-05:00,sensor-001,temperature,29.34,°C,Building-A/Floor-1,97,normal
2026-04-09T05:21:21-05:00,sensor-001,temperature,29.97,°C,Building-A/Floor-1,98,normal
2026-04-09T05:36:21-05:00,sensor-001,temperature,29.54,°C,Building-A/Floor-1,97,normal
2026-04-09T05:51:21-05:00,sensor-001,temperature,28.66,°C,Building-A/Floor-1,100,normal
2026-04-09T06:06:21-05:00,sensor-001,temperature,27.63,°C,Building-A/Floor-1,97,normal
2026-04-09T06:21:21-05:00,sensor-001,temperature,27.38,°C,Building-A/Floor-1,98,normal
2026-04-09T06:36:21-05:00,sensor-001,temperature,26.89,°C,Building-A/Floor-1,96,normal
2026-04-09T06:51:21-05:00,sensor-001,temperature,25.38,°C,Building-A/Floor-1,100,normal
2026-04-09T07:06:21-05:00,sensor-001,temperature,24.86,°C,Building-A/Floor-1,97,normal
2026-04-09T07:21:21-05:00,sensor-001,temperature,23.48,°C,Building-A/Floor-1,95,normal
2026-04-09T07:36:21-05:00,sensor-001,temperature,22.36,°C,Building-A/Floor-1,95,normal
2026-04-09T07:51:21-05:00,sensor-001,temperature,22.25,°C,Building-A/Floor-1,100,normal
2026-04-09T08:06:21-05:00,sensor-001,temperature,20.46,°C,Building-A/Floor-1,97,normal
2026-04-09T08:21:21-05:00,sensor-001,temperature,20.06,°C,Building-A/Floor-1,95,normal
2026-04-09T08:36:21-05:00,sensor-001,temperature,19.15,°C,Building-A/Floor-1,97,normal
2026-04-09T08:51:21-05:00,sensor-001,temperature,17.83,°C,Building-A/Floor-1,100,normal
2026-04-09T09:06:21-05:00,sensor-001,temperature,17.26,°C,Building-A/Floor-1,95,normal
2026-04-09T09:21:21-05:00,sensor-001,temperature,16.57,°C,Building-A/Floor-1,99,normal
2026-04-09T09:36:21-05:00,sensor-001,temperature,15.53,°C,Building-A/Floor-1,100,normal
2026-04-09T09:51:21-05:00,sensor-001,temperature,15.66,°C,Building-A/Floor-1,89,warning
2026-04-09T10:06:21-05:00,sensor-001,temperature,14.87,°C,Building-A/Floor-1,100,normal
2026-04-09T10:21:21-05:00,sensor-001,temperature,14.04,°C,Building-A/Floor-1,95,normal
2026-04-09T10:36:21-05:00,sensor-001,temperature,13.74,°C,Building-A/Floor-1,99,normal
2026-04-09T10:51:21-05:00,sensor-001,temperature,14.42,°C,Building-A/Floor-1,100,normal
2026-04-09T11:06:21-05:00,sensor-001,temperature,13.58,°C,Building-A/Floor-1,97,normal
2026-04-09T11:21:21-05:00,sensor-001,temperature,13.76,°C,Building-A/Floor-1,95,normal
2026-04-09T11:36:21-05:00,sensor-001,temperature,14.31,°C,Building-A/Floor-1,96,normal
2026-04-09T11:51:21-05:00,sensor-001,temperature,14.38,°C,Building-A/Floor-1,100,normal
2026-04-09T12:06:21-05:00,sensor-001,temperature,15.36,°C,Building-A/Floor-1,97,normal
2026-04-09T12:21:21-05:00,sensor-001,temperature,15.42,°C,Building-A/Floor-1,96,normal
2026-04-09T12:36:21-05:00,sensor-001,temperature,16.56,°C,Building-A/Floor-1,99,normal
2026-04-09T12:51:21-05:00,sensor-001,temperature,17.34,°C,Building-A/Floor-1,100,normal
2026-04-07T11:06:21-05:00,sensor-002,humidity,55.83,%,Building-A/Floor-2,100,normal
2026-04-07T11:21:21-05:00,sensor-002,humidity,54.20,%,Building-A/Floor-2,97,normal
2026-04-07T11:36:21-05:00,sensor-002,humidity,49.84,%,Building-A/Floor-2,97,normal
2026-04-07T11:51:21-05:00,sensor-002,humidity,49.84,%,Building-A/Floor-2,95,normal
2026-04-07T12:06:21-05:00,sensor-002,humidity,47.76,%,Building-A/Floor-2,95,normal
2026-04-07T12:21:21-05:00,sensor-002,humidity,44.95,%,Building-A/Floor-2,95,normal
2026-04-07T12:36:21-05:00,sensor-002,humidity,41.65,%,Building-A/Floor-2,98,normal
2026-04-07T12:51:21-05:00,sensor-002,humidity,37.42,%,Building-A/Floor-2,96,normal
2026-04-07T13:06:21-05:00,sensor-002,humidity,36.64,%,Building-A/Floor-2,97,normal
2026-04-07T13:21:21-05:00,sensor-002,humidity,37.16,%,Building-A/Floor-2,100,normal
2026-04-07T13:36:21-05:00,sensor-002,humidity,34.51,%,Building-A/Floor-2,99,normal
2026-04-07T13:51:21-05:00,sensor-002,humidity,33.68,%,Building-A/Floor-2,98,normal
2026-04-07T14:06:21-05:00,sensor-002,humidity,32.08,%,Building-A/Floor-2,95,normal
2026-04-07T14:21:21-05:00,sensor-002,humidity,32.35,%,Building-A/Floor-2,100,normal
2026-04-07T14:36:21-05:00,sensor-002,humidity,30.17,%,Building-A/Floor-2,99,normal
2026-04-07T14:51:21-05:00,sensor-002,humidity,31.39,%,Building-A/Floor-2,100,normal
2026-04-07T15:06:21-05:00,sensor-002,humidity,28.27,%,Building-A/Floor-2,98,normal
2026-04-07T15:21:21-05:00,sensor-002,humidity,30.49,%,Building-A/Floor-2,98,normal
2026-04-07T15:36:21-05:00,sensor-002,humidity,29.89,%,Building-A/Floor-2,99,normal
2026-04-07T15:51:21-05:00,sensor-002,humidity,32.32,%,Building-A/Floor-2,97,normal
2026-04-07T16:06:21-05:00,sensor-002,humidity,33.11,%,Building-A/Floor-2,100,normal
2026-04-07T16:21:21-05:00,sensor-002,humidity,34.73,%,Building-A/Floor-2,97,normal
2026-04-07T16:36:21-05:00,sensor-002,humidity,35.37,%,Building-A/Floor-2,97,normal
2026-04-07T16:51:21-05:00,sensor-002,humidity,39.22,%,Building-A/Floor-2,100,normal
2026-04-07T17:06:21-05:00,sensor-002,humidity,41.06,%,Building-A/Floor-2,100,normal
2026-04-07T17:21:21-05:00,sensor-002,humidity,43.93,%,Building-A/Floor-2,98,normal
2026-04-07T17:36:21-05:00,sensor-002,humidity,47.55,%,Building-A/Floor-2,98,normal
2026-04-07T17:51:21-05:00,sensor-002,humidity,49.03,%,Building-A/Floor-2,98,normal
2026-04-07T18:06:21-05:00,sensor-002,humidity,50.71,%,Building-A/Floor-2,99,normal
2026-04-07T18:21:21-05:00,sensor-002,humidity,54.35,%,Building-A/Floor-2,99,normal
2026-04-07T18:36:21-05:00,sensor-002,humidity,55.97,%,Building-A/Floor-2,99,normal
2026-04-07T18:51:21-05:00,sensor-002,humidity,58.43,%,Building-A/Floor-2,95,normal
2026-04-07T19:06:21-05:00,sensor-002,humidity,59.09,%,Building-A/Floor-2,95,normal
2026-04-07T19:21:21-05:00,sensor-002,humidity,62.83,%,Building-A/Floor-2,99,normal
2026-04-07T19:36:21-05:00,sensor-002,humidity,66.19,%,Building-A/Floor-2,96,normal
2026-04-07T19:51:21-05:00,sensor-002,humidity,64.76,%,Building-A/Floor-2,98,normal
2026-04-07T20:06:21-05:00,sensor-002,humidity,67.76,%,Building-A/Floor-2,100,normal
2026-04-07T20:21:21-05:00,sensor-002,humidity,67.50,%,Building-A/Floor-2,100,normal
2026-04-07T20:36:21-05:00,sensor-002,humidity,68.85,%,Building-A/Floor-2,100,normal
2026-04-07T20:51:21-05:00,sensor-002,humidity,70.73,%,Building-A/Floor-2,98,normal
2026-04-07T21:06:21-05:00,sensor-002,humidity,68.82,%,Building-A/Floor-2,99,normal
2026-04-07T21:21:21-05:00,sensor-002,humidity,70.68,%,Building-A/Floor-2,100,normal
2026-04-07T21:36:21-05:00,sensor-002,humidity,70.02,%,Building-A/Floor-2,99,normal
2026-04-07T21:51:21-05:00,sensor-002,humidity,69.64,%,Building-A/Floor-2,95,normal
2026-04-07T22:06:21-05:00,sensor-002,humidity,67.49,%,Building-A/Floor-2,97,normal
2026-04-07T22:21:21-05:00,sensor-002,humidity,68.07,%,Building-A/Floor-2,99,normal
2026-04-07T22:36:21-05:00,sensor-002,humidity,66.63,%,Building-A/Floor-2,95,normal
2026-04-07T22:51:21-05:00,sensor-002,humidity,61.26,%,Building-A/Floor-2,100,normal
2026-04-07T23:06:21-05:00,sensor-002,humidity,59.16,%,Building-A/Floor-2,99,normal
2026-04-07T23:21:21-05:00,sensor-002,humidity,59.34,%,Building-A/Floor-2,95,normal
2026-04-07T23:36:21-05:00,sensor-002,humidity,56.04,%,Building-A/Floor-2,96,normal
2026-04-07T23:51:21-05:00,sensor-002,humidity,53.55,%,Building-A/Floor-2,99,normal
2026-04-08T00:06:21-05:00,sensor-002,humidity,50.46,%,Building-A/Floor-2,96,normal
2026-04-08T00:21:21-05:00,sensor-002,humidity,49.55,%,Building-A/Floor-2,98,normal
2026-04-08T00:36:21-05:00,sensor-002,humidity,45.41,%,Building-A/Floor-2,98,normal
2026-04-08T00:51:21-05:00,sensor-002,humidity,44.57,%,Building-A/Floor-2,98,normal
2026-04-08T01:06:21-05:00,sensor-002,humidity,42.91,%,Building-A/Floor-2,97,normal
2026-04-08T01:21:21-05:00,sensor-002,humidity,38.50,%,Building-A/Floor-2,97,normal
2026-04-08T01:36:21-05:00,sensor-002,humidity,37.03,%,Building-A/Floor-2,96,normal
2026-04-08T01:51:21-05:00,sensor-002,humidity,34.36,%,Building-A/Floor-2,98,normal
2026-04-08T02:06:21-05:00,sensor-002,humidity,34.91,%,Building-A/Floor-2,99,normal
2026-04-08T02:21:21-05:00,sensor-002,humidity,32.58,%,Building-A/Floor-2,95,normal
2026-04-08T02:36:21-05:00,sensor-002,humidity,31.04,%,Building-A/Floor-2,97,normal
2026-04-08T02:51:21-05:00,sensor-002,humidity,31.38,%,Building-A/Floor-2,100,normal
2026-04-08T03:06:21-05:00,sensor-002,humidity,31.61,%,Building-A/Floor-2,96,normal
2026-04-08T03:21:21-05:00,sensor-002,humidity,30.40,%,Building-A/Floor-2,99,normal
2026-04-08T03:36:21-05:00,sensor-002,humidity,29.05,%,Building-A/Floor-2,97,normal
2026-04-08T03:51:21-05:00,sensor-002,humidity,30.43,%,Building-A/Floor-2,98,normal
2026-04-08T04:06:21-05:00,sensor-002,humidity,29.87,%,Building-A/Floor-2,95,normal
2026-04-08T04:21:21-05:00,sensor-002,humidity,32.32,%,Building-A/Floor-2,95,normal
2026-04-08T04:36:21-05:00,sensor-002,humidity,32.94,%,Building-A/Floor-2,98,normal
2026-04-08T04:51:21-05:00,sensor-002,humidity,36.78,%,Building-A/Floor-2,100,normal
2026-04-08T05:06:21-05:00,sensor-002,humidity,37.73,%,Building-A/Floor-2,96,normal
2026-04-08T05:21:21-05:00,sensor-002,humidity,40.36,%,Building-A/Floor-2,98,normal
2026-04-08T05:36:21-05:00,sensor-002,humidity,40.74,%,Building-A/Floor-2,98,normal
2026-04-08T05:51:21-05:00,sensor-002,humidity,43.18,%,Building-A/Floor-2,98,normal
2026-04-08T06:06:21-05:00,sensor-002,humidity,44.87,%,Building-A/Floor-2,96,normal
2026-04-08T06:21:21-05:00,sensor-002,humidity,48.87,%,Building-A/Floor-2,95,normal
2026-04-08T06:36:21-05:00,sensor-002,humidity,49.87,%,Building-A/Floor-2,99,normal
2026-04-08T06:51:21-05:00,sensor-002,humidity,54.35,%,Building-A/Floor-2,82,warning
2026-04-08T07:06:21-05:00,sensor-002,humidity,53.95,%,Building-A/Floor-2,99,normal
2026-04-08T07:21:21-05:00,sensor-002,humidity,58.64,%,Building-A/Floor-2,98,normal
2026-04-08T07:36:21-05:00,sensor-002,humidity,61.40,%,Building-A/Floor-2,97,normal
2026-04-08T07:51:21-05:00,sensor-002,humidity,63.59,%,Building-A/Floor-2,99,normal
2026-04-08T08:06:21-05:00,sensor-002,humidity,64.99,%,Building-A/Floor-2,100,normal
2026-04-08T08:21:21-05:00,sensor-002,humidity,66.74,%,Building-A/Floor-2,99,normal
2026-04-08T08:36:21-05:00,sensor-002,humidity,68.54,%,Building-A/Floor-2,99,normal
2026-04-08T08:51:21-05:00,sensor-002,humidity,67.65,%,Building-A/Floor-2,99,normal
2026-04-08T09:06:21-05:00,sensor-002,humidity,67.98,%,Building-A/Floor-2,99,normal
2026-04-08T09:21:21-05:00,sensor-002,humidity,69.79,%,Building-A/Floor-2,98,normal
2026-04-08T09:36:21-05:00,sensor-002,humidity,68.27,%,Building-A/Floor-2,80,warning
2026-04-08T09:51:21-05:00,sensor-002,humidity,71.68,%,Building-A/Floor-2,100,normal
2026-04-08T10:06:21-05:00,sensor-002,humidity,68.26,%,Building-A/Floor-2,99,normal
2026-04-08T10:21:21-05:00,sensor-002,humidity,69.39,%,Building-A/Floor-2,96,normal
2026-04-08T10:36:21-05:00,sensor-002,humidity,66.67,%,Building-A/Floor-2,100,normal
2026-04-08T10:51:21-05:00,sensor-002,humidity,68.23,%,Building-A/Floor-2,100,normal
2026-04-08T11:06:21-05:00,sensor-002,humidity,66.38,%,Building-A/Floor-2,95,normal
2026-04-08T11:21:21-05:00,sensor-002,humidity,65.12,%,Building-A/Floor-2,97,normal
2026-04-08T11:36:21-05:00,sensor-002,humidity,61.65,%,Building-A/Floor-2,96,normal
2026-04-08T11:51:21-05:00,sensor-002,humidity,59.04,%,Building-A/Floor-2,99,normal
2026-04-08T12:06:21-05:00,sensor-002,humidity,58.43,%,Building-A/Floor-2,99,normal
2026-04-08T12:21:21-05:00,sensor-002,humidity,54.54,%,Building-A/Floor-2,96,normal
2026-04-08T12:36:21-05:00,sensor-002,humidity,51.76,%,Building-A/Floor-2,100,normal
2026-04-08T12:51:21-05:00,sensor-002,humidity,49.04,%,Building-A/Floor-2,99,normal
2026-04-08T13:06:21-05:00,sensor-002,humidity,46.74,%,Building-A/Floor-2,99,normal
2026-04-08T13:21:21-05:00,sensor-002,humidity,46.36,%,Building-A/Floor-2,99,normal
2026-04-08T13:36:21-05:00,sensor-002,humidity,41.06,%,Building-A/Floor-2,100,normal
2026-04-08T13:51:21-05:00,sensor-002,humidity,41.55,%,Building-A/Floor-2,98,normal
2026-04-08T14:06:21-05:00,sensor-002,humidity,39.09,%,Building-A/Floor-2,97,normal
2026-04-08T14:21:21-05:00,sensor-002,humidity,36.66,%,Building-A/Floor-2,96,normal
2026-04-08T14:36:21-05:00,sensor-002,humidity,34.35,%,Building-A/Floor-2,100,normal
2026-04-08T14:51:21-05:00,sensor-002,humidity,33.29,%,Building-A/Floor-2,99,normal
2026-04-08T15:06:21-05:00,sensor-002,humidity,33.30,%,Building-A/Floor-2,99,normal
2026-04-08T15:21:21-05:00,sensor-002,humidity,32.66,%,Building-A/Floor-2,98,normal
2026-04-08T15:36:21-05:00,sensor-002,humidity,29.40,%,Building-A/Floor-2,100,normal
2026-04-08T15:51:21-05:00,sensor-002,humidity,31.80,%,Building-A/Floor-2,100,normal
2026-04-08T16:06:21-05:00,sensor-002,humidity,29.11,%,Building-A/Floor-2,97,normal
2026-04-08T16:21:21-05:00,sensor-002,humidity,30.25,%,Building-A/Floor-2,99,normal
2026-04-08T16:36:21-05:00,sensor-002,humidity,32.05,%,Building-A/Floor-2,100,normal
2026-04-08T16:51:21-05:00,sensor-002,humidity,31.18,%,Building-A/Floor-2,100,normal
2026-04-08T17:06:21-05:00,sensor-002,humidity,31.94,%,Building-A/Floor-2,98,normal
2026-04-08T17:21:21-05:00,sensor-002,humidity,34.48,%,Building-A/Floor-2,95,normal
2026-04-08T17:36:21-05:00,sensor-002,humidity,35.21,%,Building-A/Floor-2,98,normal
2026-04-08T17:51:21-05:00,sensor-002,humidity,36.73,%,Building-A/Floor-2,97,normal
2026-04-08T18:06:21-05:00,sensor-002,humidity,38.70,%,Building-A/Floor-2,95,normal
2026-04-08T18:21:21-05:00,sensor-002,humidity,44.18,%,Building-A/Floor-2,99,normal
2026-04-08T18:36:21-05:00,sensor-002,humidity,44.46,%,Building-A/Floor-2,98,normal
2026-04-08T18:51:21-05:00,sensor-002,humidity,46.76,%,Building-A/Floor-2,97,normal
2026-04-08T19:06:21-05:00,sensor-002,humidity,51.29,%,Building-A/Floor-2,96,normal
2026-04-08T19:21:21-05:00,sensor-002,humidity,53.29,%,Building-A/Floor-2,96,normal
2026-04-08T19:36:21-05:00,sensor-002,humidity,53.24,%,Building-A/Floor-2,97,normal
2026-04-08T19:51:21-05:00,sensor-002,humidity,58.31,%,Building-A/Floor-2,82,warning
2026-04-08T20:06:21-05:00,sensor-002,humidity,60.16,%,Building-A/Floor-2,95,normal
2026-04-08T20:21:21-05:00,sensor-002,humidity,62.76,%,Building-A/Floor-2,98,normal
2026-04-08T20:36:21-05:00,sensor-002,humidity,62.80,%,Building-A/Floor-2,97,normal
2026-04-08T20:51:21-05:00,sensor-002,humidity,63.95,%,Building-A/Floor-2,99,normal
2026-04-08T21:06:21-05:00,sensor-002,humidity,67.77,%,Building-A/Floor-2,99,normal
2026-04-08T21:21:21-05:00,sensor-002,humidity,66.96,%,Building-A/Floor-2,95,normal
2026-04-08T21:36:21-05:00,sensor-002,humidity,69.18,%,Building-A/Floor-2,95,normal
2026-04-08T21:51:21-05:00,sensor-002,humidity,67.63,%,Building-A/Floor-2,98,normal
2026-04-08T22:06:21-05:00,sensor-002,humidity,68.39,%,Building-A/Floor-2,100,normal
2026-04-08T22:21:21-05:00,sensor-002,humidity,69.44,%,Building-A/Floor-2,98,normal
2026-04-08T22:36:21-05:00,sensor-002,humidity,67.79,%,Building-A/Floor-2,96,normal
2026-04-08T22:51:21-05:00,sensor-002,humidity,70.26,%,Building-A/Floor-2,99,normal
2026-04-08T23:06:21-05:00,sensor-002,humidity,68.96,%,Building-A/Floor-2,97,normal
2026-04-08T23:21:21-05:00,sensor-002,humidity,65.72,%,Building-A/Floor-2,96,normal
2026-04-08T23:36:21-05:00,sensor-002,humidity,65.48,%,Building-A/Floor-2,99,normal
2026-04-08T23:51:21-05:00,sensor-002,humidity,65.58,%,Building-A/Floor-2,97,normal
2026-04-09T00:06:21-05:00,sensor-002,humidity,62.25,%,Building-A/Floor-2,97,normal
2026-04-09T00:21:21-05:00,sensor-002,humidity,59.26,%,Building-A/Floor-2,99,normal
2026-04-09T00:36:21-05:00,sensor-002,humidity,57.75,%,Building-A/Floor-2,95,normal
2026-04-09T00:51:21-05:00,sensor-002,humidity,57.29,%,Building-A/Floor-2,100,normal
2026-04-09T01:06:21-05:00,sensor-002,humidity,53.68,%,Building-A/Floor-2,98,normal
2026-04-09T01:21:21-05:00,sensor-002,humidity,48.94,%,Building-A/Floor-2,99,normal
2026-04-09T01:36:21-05:00,sensor-002,humidity,47.31,%,Building-A/Floor-2,98,normal
2026-04-09T01:51:21-05:00,sensor-002,humidity,45.95,%,Building-A/Floor-2,100,normal
2026-04-09T02:06:21-05:00,sensor-002,humidity,44.50,%,Building-A/Floor-2,98,normal
2026-04-09T02:21:21-05:00,sensor-002,humidity,42.33,%,Building-A/Floor-2,96,normal
2026-04-09T02:36:21-05:00,sensor-002,humidity,39.06,%,Building-A/Floor-2,97,normal
2026-04-09T02:51:21-05:00,sensor-002,humidity,35.98,%,Building-A/Floor-2,95,normal
2026-04-09T03:06:21-05:00,sensor-002,humidity,33.46,%,Building-A/Floor-2,99,normal
2026-04-09T03:21:21-05:00,sensor-002,humidity,32.63,%,Building-A/Floor-2,95,normal
2026-04-09T03:36:21-05:00,sensor-002,humidity,34.07,%,Building-A/Floor-2,97,normal
2026-04-09T03:51:21-05:00,sensor-002,humidity,31.30,%,Building-A/Floor-2,100,normal
2026-04-09T04:06:21-05:00,sensor-002,humidity,31.27,%,Building-A/Floor-2,99,normal
2026-04-09T04:21:21-05:00,sensor-002,humidity,29.61,%,Building-A/Floor-2,95,normal
2026-04-09T04:36:21-05:00,sensor-002,humidity,29.36,%,Building-A/Floor-2,96,normal
2026-04-09T04:51:21-05:00,sensor-002,humidity,29.81,%,Building-A/Floor-2,96,normal
2026-04-09T05:06:21-05:00,sensor-002,humidity,29.74,%,Building-A/Floor-2,96,normal
2026-04-09T05:21:21-05:00,sensor-002,humidity,31.69,%,Building-A/Floor-2,100,normal
2026-04-09T05:36:21-05:00,sensor-002,humidity,33.86,%,Building-A/Floor-2,96,normal
2026-04-09T05:51:21-05:00,sensor-002,humidity,34.46,%,Building-A/Floor-2,96,normal
2026-04-09T06:06:21-05:00,sensor-002,humidity,36.33,%,Building-A/Floor-2,99,normal
2026-04-09T06:21:21-05:00,sensor-002,humidity,39.08,%,Building-A/Floor-2,100,normal
2026-04-09T06:36:21-05:00,sensor-002,humidity,40.05,%,Building-A/Floor-2,99,normal
2026-04-09T06:51:21-05:00,sensor-002,humidity,40.67,%,Building-A/Floor-2,96,normal
2026-04-09T07:06:21-05:00,sensor-002,humidity,43.22,%,Building-A/Floor-2,100,normal
2026-04-09T07:21:21-05:00,sensor-002,humidity,46.36,%,Building-A/Floor-2,100,normal
2026-04-09T07:36:21-05:00,sensor-002,humidity,47.25,%,Building-A/Floor-2,97,normal
2026-04-09T07:51:21-05:00,sensor-002,humidity,53.35,%,Building-A/Floor-2,98,normal
2026-04-09T08:06:21-05:00,sensor-002,humidity,54.20,%,Building-A/Floor-2,95,normal
2026-04-09T08:21:21-05:00,sensor-002,humidity,56.10,%,Building-A/Floor-2,97,normal
2026-04-09T08:36:21-05:00,sensor-002,humidity,59.91,%,Building-A/Floor-2,99,normal
2026-04-09T08:51:21-05:00,sensor-002,humidity,59.27,%,Building-A/Floor-2,99,normal
2026-04-09T09:06:21-05:00,sensor-002,humidity,64.30,%,Building-A/Floor-2,95,normal
2026-04-09T09:21:21-05:00,sensor-002,humidity,64.46,%,Building-A/Floor-2,99,normal
2026-04-09T09:36:21-05:00,sensor-002,humidity,68.18,%,Building-A/Floor-2,97,normal
2026-04-09T09:51:21-05:00,sensor-002,humidity,69.37,%,Building-A/Floor-2,99,normal
2026-04-09T10:06:21-05:00,sensor-002,humidity,68.62,%,Building-A/Floor-2,97,normal
2026-04-09T10:21:21-05:00,sensor-002,humidity,71.01,%,Building-A/Floor-2,99,normal
2026-04-09T10:36:21-05:00,sensor-002,humidity,67.86,%,Building-A/Floor-2,100,normal
2026-04-09T10:51:21-05:00,sensor-002,humidity,69.51,%,Building-A/Floor-2,96,normal
2026-04-09T11:06:21-05:00,sensor-002,humidity,71.18,%,Building-A/Floor-2,95,normal
2026-04-09T11:21:21-05:00,sensor-002,humidity,69.70,%,Building-A/Floor-2,98,normal
2026-04-09T11:36:21-05:00,sensor-002,humidity,67.16,%,Building-A/Floor-2,97,normal
2026-04-09T11:51:21-05:00,sensor-002,humidity,68.81,%,Building-A/Floor-2,100,normal
2026-04-09T12:06:21-05:00,sensor-002,humidity,67.37,%,Building-A/Floor-2,98,normal
2026-04-09T12:21:21-05:00,sensor-002,humidity,65.40,%,Building-A/Floor-2,97,normal
2026-04-09T12:36:21-05:00,sensor-002,humidity,61.48,%,Building-A/Floor-2,95,normal
2026-04-09T12:51:21-05:00,sensor-002,humidity,62.01,%,Building-A/Floor-2,95,normal
2026-04-07T11:06:21-05:00,sensor-003,pressure,1008.78,hPa,Building-B/Floor-1,97,normal
2026-04-07T11:21:21-05:00,sensor-003,pressure,1006.55,hPa,Building-B/Floor-1,98,normal
2026-04-07T11:36:21-05:00,sensor-003,pressure,1005.76,hPa,Building-B/Floor-1,100,normal
2026-04-07T11:51:21-05:00,sensor-003,pressure,1004.33,hPa,Building-B/Floor-1,99,normal
2026-04-07T12:06:21-05:00,sensor-003,pressure,1002.78,hPa,Building-B/Floor-1,100,normal
2026-04-07T12:21:21-05:00,sensor-003,pressure,1000.89,hPa,Building-B/Floor-1,98,normal
2026-04-07T12:36:21-05:00,sensor-003,pressure,999.68,hPa,Building-B/Floor-1,99,normal
2026-04-07T12:51:21-05:00,sensor-003,pressure,1000.38,hPa,Building-B/Floor-1,96,normal
2026-04-07T13:06:21-05:00,sensor-003,pressure,998.82,hPa,Building-B/Floor-1,95,normal
2026-04-07T13:21:21-05:00,sensor-003,pressure,999.03,hPa,Building-B/Floor-1,98,normal
2026-04-07T13:36:21-05:00,sensor-003,pressure,998.34,hPa,Building-B/Floor-1,98,normal
2026-04-07T13:51:21-05:00,sensor-003,pressure,997.31,hPa,Building-B/Floor-1,96,normal
2026-04-07T14:06:21-05:00,sensor-003,pressure,999.00,hPa,Building-B/Floor-1,100,normal
2026-04-07T14:21:21-05:00,sensor-003,pressure,999.55,hPa,Building-B/Floor-1,97,normal
2026-04-07T14:36:21-05:00,sensor-003,pressure,999.94,hPa,Building-B/Floor-1,97,normal
2026-04-07T14:51:21-05:00,sensor-003,pressure,1000.21,hPa,Building-B/Floor-1,98,normal
2026-04-07T15:06:21-05:00,sensor-003,pressure,1002.46,hPa,Building-B/Floor-1,99,normal
2026-04-07T15:21:21-05:00,sensor-003,pressure,1002.40,hPa,Building-B/Floor-1,98,normal
2026-04-07T15:36:21-05:00,sensor-003,pressure,1004.28,hPa,Building-B/Floor-1,96,normal
2026-04-07T15:51:21-05:00,sensor-003,pressure,1007.04,hPa,Building-B/Floor-1,100,normal
2026-04-07T16:06:21-05:00,sensor-003,pressure,1006.95,hPa,Building-B/Floor-1,97,normal
2026-04-07T16:21:21-05:00,sensor-003,pressure,1009.79,hPa,Building-B/Floor-1,96,normal
2026-04-07T16:36:21-05:00,sensor-003,pressure,1012.16,hPa,Building-B/Floor-1,97,normal
2026-04-07T16:51:21-05:00,sensor-003,pressure,1012.64,hPa,Building-B/Floor-1,99,normal
2026-04-07T17:06:21-05:00,sensor-003,pressure,1014.87,hPa,Building-B/Floor-1,100,normal
2026-04-07T17:21:21-05:00,sensor-003,pressure,1017.09,hPa,Building-B/Floor-1,97,normal
2026-04-07T17:36:21-05:00,sensor-003,pressure,1019.35,hPa,Building-B/Floor-1,98,normal
2026-04-07T17:51:21-05:00,sensor-003,pressure,1020.68,hPa,Building-B/Floor-1,99,normal
2026-04-07T18:06:21-05:00,sensor-003,pressure,1021.52,hPa,Building-B/Floor-1,96,normal
2026-04-07T18:21:21-05:00,sensor-003,pressure,1024.21,hPa,Building-B/Floor-1,97,normal
2026-04-07T18:36:21-05:00,sensor-003,pressure,1024.07,hPa,Building-B/Floor-1,99,normal
2026-04-07T18:51:21-05:00,sensor-003,pressure,1026.26,hPa,Building-B/Floor-1,96,normal
2026-04-07T19:06:21-05:00,sensor-003,pressure,1026.68,hPa,Building-B/Floor-1,100,normal
2026-04-07T19:21:21-05:00,sensor-003,pressure,1027.00,hPa,Building-B/Floor-1,96,normal
2026-04-07T19:36:21-05:00,sensor-003,pressure,1027.46,hPa,Building-B/Floor-1,99,normal
2026-04-07T19:51:21-05:00,sensor-003,pressure,1027.57,hPa,Building-B/Floor-1,86,warning
2026-04-07T20:06:21-05:00,sensor-003,pressure,1028.27,hPa,Building-B/Floor-1,100,normal
2026-04-07T20:21:21-05:00,sensor-003,pressure,1027.70,hPa,Building-B/Floor-1,98,normal
2026-04-07T20:36:21-05:00,sensor-003,pressure,1027.61,hPa,Building-B/Floor-1,98,normal
2026-04-07T20:51:21-05:00,sensor-003,pressure,1025.99,hPa,Building-B/Floor-1,99,normal
2026-04-07T21:06:21-05:00,sensor-003,pressure,1026.25,hPa,Building-B/Floor-1,97,normal
2026-04-07T21:21:21-05:00,sensor-003,pressure,1025.24,hPa,Building-B/Floor-1,99,normal
2026-04-07T21:36:21-05:00,sensor-003,pressure,1023.39,hPa,Building-B/Floor-1,99,normal
2026-04-07T21:51:21-05:00,sensor-003,pressure,1022.37,hPa,Building-B/Floor-1,100,normal
2026-04-07T22:06:21-05:00,sensor-003,pressure,1019.81,hPa,Building-B/Floor-1,98,normal
2026-04-07T22:21:21-05:00,sensor-003,pressure,1018.23,hPa,Building-B/Floor-1,96,normal
2026-04-07T22:36:21-05:00,sensor-003,pressure,1017.04,hPa,Building-B/Floor-1,98,normal
2026-04-07T22:51:21-05:00,sensor-003,pressure,1014.98,hPa,Building-B/Floor-1,100,normal
2026-04-07T23:06:21-05:00,sensor-003,pressure,1013.85,hPa,Building-B/Floor-1,97,normal
2026-04-07T23:21:21-05:00,sensor-003,pressure,1011.78,hPa,Building-B/Floor-1,96,normal
2026-04-07T23:36:21-05:00,sensor-003,pressure,1010.38,hPa,Building-B/Floor-1,95,normal
2026-04-07T23:51:21-05:00,sensor-003,pressure,1008.60,hPa,Building-B/Floor-1,98,normal
2026-04-08T00:06:21-05:00,sensor-003,pressure,1007.23,hPa,Building-B/Floor-1,98,normal
2026-04-08T00:21:21-05:00,sensor-003,pressure,1005.36,hPa,Building-B/Floor-1,96,normal
2026-04-08T00:36:21-05:00,sensor-003,pressure,1004.12,hPa,Building-B/Floor-1,99,normal
2026-04-08T00:51:21-05:00,sensor-003,pressure,1001.42,hPa,Building-B/Floor-1,100,normal
2026-04-08T01:06:21-05:00,sensor-003,pressure,999.80,hPa,Building-B/Floor-1,97,normal
2026-04-08T01:21:21-05:00,sensor-003,pressure,999.11,hPa,Building-B/Floor-1,98,normal
2026-04-08T01:36:21-05:00,sensor-003,pressure,998.27,hPa,Building-B/Floor-1,96,normal
2026-04-08T01:51:21-05:00,sensor-003,pressure,998.53,hPa,Building-B/Floor-1,97,normal
2026-04-08T02:06:21-05:00,sensor-003,pressure,999.00,hPa,Building-B/Floor-1,99,normal
2026-04-08T02:21:21-05:00,sensor-003,pressure,997.48,hPa,Building-B/Floor-1,100,normal
2026-04-08T02:36:21-05:00,sensor-003,pressure,998.70,hPa,Building-B/Floor-1,96,normal
2026-04-08T02:51:21-05:00,sensor-003,pressure,998.97,hPa,Building-B/Floor-1,87,warning
2026-04-08T03:06:21-05:00,sensor-003,pressure,998.98,hPa,Building-B/Floor-1,100,normal
2026-04-08T03:21:21-05:00,sensor-003,pressure,1001.17,hPa,Building-B/Floor-1,98,normal
2026-04-08T03:36:21-05:00,sensor-003,pressure,1000.63,hPa,Building-B/Floor-1,100,normal
2026-04-08T03:51:21-05:00,sensor-003,pressure,1003.64,hPa,Building-B/Floor-1,100,normal
2026-04-08T04:06:21-05:00,sensor-003,pressure,1003.43,hPa,Building-B/Floor-1,99,normal
2026-04-08T04:21:21-05:00,sensor-003,pressure,1006.60,hPa,Building-B/Floor-1,96,normal
2026-04-08T04:36:21-05:00,sensor-003,pressure,1007.37,hPa,Building-B/Floor-1,99,normal
2026-04-08T04:51:21-05:00,sensor-003,pressure,1008.50,hPa,Building-B/Floor-1,98,normal
2026-04-08T05:06:21-05:00,sensor-003,pressure,1009.99,hPa,Building-B/Floor-1,95,normal
2026-04-08T05:21:21-05:00,sensor-003,pressure,1011.83,hPa,Building-B/Floor-1,96,normal
2026-04-08T05:36:21-05:00,sensor-003,pressure,1014.22,hPa,Building-B/Floor-1,99,normal
2026-04-08T05:51:21-05:00,sensor-003,pressure,1016.58,hPa,Building-B/Floor-1,89,warning
2026-04-08T06:06:21-05:00,sensor-003,pressure,1019.10,hPa,Building-B/Floor-1,95,normal
2026-04-08T06:21:21-05:00,sensor-003,pressure,1020.78,hPa,Building-B/Floor-1,99,normal
2026-04-08T06:36:21-05:00,sensor-003,pressure,1021.19,hPa,Building-B/Floor-1,100,normal
2026-04-08T06:51:21-05:00,sensor-003,pressure,1022.43,hPa,Building-B/Floor-1,100,normal
2026-04-08T07:06:21-05:00,sensor-003,pressure,1025.11,hPa,Building-B/Floor-1,97,normal
2026-04-08T07:21:21-05:00,sensor-003,pressure,1025.11,hPa,Building-B/Floor-1,96,normal
2026-04-08T07:36:21-05:00,sensor-003,pressure,1027.23,hPa,Building-B/Floor-1,100,normal
2026-04-08T07:51:21-05:00,sensor-003,pressure,1027.82,hPa,Building-B/Floor-1,98,normal
2026-04-08T08:06:21-05:00,sensor-003,pressure,1027.18,hPa,Building-B/Floor-1,97,normal
2026-04-08T08:21:21-05:00,sensor-003,pressure,1028.78,hPa,Building-B/Floor-1,99,normal
2026-04-08T08:36:21-05:00,sensor-003,pressure,1027.95,hPa,Building-B/Floor-1,96,normal
2026-04-08T08:51:21-05:00,sensor-003,pressure,1027.98,hPa,Building-B/Floor-1,97,normal
2026-04-08T09:06:21-05:00,sensor-003,pressure,1027.58,hPa,Building-B/Floor-1,95,normal
2026-04-08T09:21:21-05:00,sensor-003,pressure,1027.53,hPa,Building-B/Floor-1,98,normal
2026-04-08T09:36:21-05:00,sensor-003,pressure,1026.96,hPa,Building-B/Floor-1,95,normal
2026-04-08T09:51:21-05:00,sensor-003,pressure,1025.94,hPa,Building-B/Floor-1,95,normal
2026-04-08T10:06:21-05:00,sensor-003,pressure,1024.20,hPa,Building-B/Floor-1,97,normal
2026-04-08T10:21:21-05:00,sensor-003,pressure,1021.95,hPa,Building-B/Floor-1,100,normal
2026-04-08T10:36:21-05:00,sensor-003,pressure,1020.26,hPa,Building-B/Floor-1,87,warning
2026-04-08T10:51:21-05:00,sensor-003,pressure,1019.16,hPa,Building-B/Floor-1,99,normal
2026-04-08T11:06:21-05:00,sensor-003,pressure,1018.21,hPa,Building-B/Floor-1,97,normal
2026-04-08T11:21:21-05:00,sensor-003,pressure,1016.42,hPa,Building-B/Floor-1,95,normal
2026-04-08T11:36:21-05:00,sensor-003,pressure,1014.81,hPa,Building-B/Floor-1,95,normal
2026-04-08T11:51:21-05:00,sensor-003,pressure,1012.22,hPa,Building-B/Floor-1,100,normal
2026-04-08T12:06:21-05:00,sensor-003,pressure,1009.34,hPa,Building-B/Floor-1,81,warning
2026-04-08T12:21:21-05:00,sensor-003,pressure,1008.82,hPa,Building-B/Floor-1,99,normal
2026-04-08T12:36:21-05:00,sensor-003,pressure,1006.60,hPa,Building-B/Floor-1,99,normal
2026-04-08T12:51:21-05:00,sensor-003,pressure,1005.32,hPa,Building-B/Floor-1,95,normal
2026-04-08T13:06:21-05:00,sensor-003,pressure,1003.78,hPa,Building-B/Floor-1,100,normal
2026-04-08T13:21:21-05:00,sensor-003,pressure,1002.78,hPa,Building-B/Floor-1,95,normal
2026-04-08T13:36:21-05:00,sensor-003,pressure,1001.11,hPa,Building-B/Floor-1,98,normal
2026-04-08T13:51:21-05:00,sensor-003,pressure,999.99,hPa,Building-B/Floor-1,98,normal
2026-04-08T14:06:21-05:00,sensor-003,pressure,999.50,hPa,Building-B/Floor-1,100,normal
2026-04-08T14:21:21-05:00,sensor-003,pressure,998.96,hPa,Building-B/Floor-1,95,normal
2026-04-08T14:36:21-05:00,sensor-003,pressure,997.54,hPa,Building-B/Floor-1,97,normal
2026-04-08T14:51:21-05:00,sensor-003,pressure,998.00,hPa,Building-B/Floor-1,100,normal
2026-04-08T15:06:21-05:00,sensor-003,pressure,997.40,hPa,Building-B/Floor-1,97,normal
2026-04-08T15:21:21-05:00,sensor-003,pressure,997.79,hPa,Building-B/Floor-1,100,normal
2026-04-08T15:36:21-05:00,sensor-003,pressure,998.92,hPa,Building-B/Floor-1,95,normal
2026-04-08T15:51:21-05:00,sensor-003,pressure,999.37,hPa,Building-B/Floor-1,98,normal
2026-04-08T16:06:21-05:00,sensor-003,pressure,1001.04,hPa,Building-B/Floor-1,100,normal
2026-04-08T16:21:21-05:00,sensor-003,pressure,1002.09,hPa,Building-B/Floor-1,96,normal
2026-04-08T16:36:21-05:00,sensor-003,pressure,1003.23,hPa,Building-B/Floor-1,99,normal
2026-04-08T16:51:21-05:00,sensor-003,pressure,1005.29,hPa,Building-B/Floor-1,99,normal
2026-04-08T17:06:21-05:00,sensor-003,pressure,1007.32,hPa,Building-B/Floor-1,98,normal
2026-04-08T17:21:21-05:00,sensor-003,pressure,1008.65,hPa,Building-B/Floor-1,98,normal
2026-04-08T17:36:21-05:00,sensor-003,pressure,1011.21,hPa,Building-B/Floor-1,96,normal
2026-04-08T17:51:21-05:00,sensor-003,pressure,1011.89,hPa,Building-B/Floor-1,95,normal
2026-04-08T18:06:21-05:00,sensor-003,pressure,1015.08,hPa,Building-B/Floor-1,96,normal
2026-04-08T18:21:21-05:00,sensor-003,pressure,1016.76,hPa,Building-B/Floor-1,96,normal
2026-04-08T18:36:21-05:00,sensor-003,pressure,1017.53,hPa,Building-B/Floor-1,100,normal
2026-04-08T18:51:21-05:00,sensor-003,pressure,1018.67,hPa,Building-B/Floor-1,100,normal
2026-04-08T19:06:21-05:00,sensor-003,pressure,1021.48,hPa,Building-B/Floor-1,97,normal
2026-04-08T19:21:21-05:00,sensor-003,pressure,1022.04,hPa,Building-B/Floor-1,97,normal
2026-04-08T19:36:21-05:00,sensor-003,pressure,1023.70,hPa,Building-B/Floor-1,98,normal
2026-04-08T19:51:21-05:00,sensor-003,pressure,1025.21,hPa,Building-B/Floor-1,95,normal
2026-04-08T20:06:21-05:00,sensor-003,pressure,1027.18,hPa,Building-B/Floor-1,95,normal
2026-04-08T20:21:21-05:00,sensor-003,pressure,1026.18,hPa,Building-B/Floor-1,98,normal
2026-04-08T20:36:21-05:00,sensor-003,pressure,1028.00,hPa,Building-B/Floor-1,96,normal
2026-04-08T20:51:21-05:00,sensor-003,pressure,1027.38,hPa,Building-B/Floor-1,95,normal
2026-04-08T21:06:21-05:00,sensor-003,pressure,1027.74,hPa,Building-B/Floor-1,96,normal
2026-04-08T21:21:21-05:00,sensor-003,pressure,1027.86,hPa,Building-B/Floor-1,95,normal
2026-04-08T21:36:21-05:00,sensor-003,pressure,1028.60,hPa,Building-B/Floor-1,96,normal
2026-04-08T21:51:21-05:00,sensor-003,pressure,1027.46,hPa,Building-B/Floor-1,97,normal
2026-04-08T22:06:21-05:00,sensor-003,pressure,1025.88,hPa,Building-B/Floor-1,98,normal
2026-04-08T22:21:21-05:00,sensor-003,pressure,1024.96,hPa,Building-B/Floor-1,99,normal
2026-04-08T22:36:21-05:00,sensor-003,pressure,1024.14,hPa,Building-B/Floor-1,98,normal
2026-04-08T22:51:21-05:00,sensor-003,pressure,1022.69,hPa,Building-B/Floor-1,95,normal
2026-04-08T23:06:21-05:00,sensor-003,pressure,1020.87,hPa,Building-B/Floor-1,100,normal
2026-04-08T23:21:21-05:00,sensor-003,pressure,1019.17,hPa,Building-B/Floor-1,96,normal
2026-04-08T23:36:21-05:00,sensor-003,pressure,1018.32,hPa,Building-B/Floor-1,96,normal
2026-04-08T23:51:21-05:00,sensor-003,pressure,1017.24,hPa,Building-B/Floor-1,97,normal
2026-04-09T00:06:21-05:00,sensor-003,pressure,1013.54,hPa,Building-B/Floor-1,99,normal
2026-04-09T00:21:21-05:00,sensor-003,pressure,1012.69,hPa,Building-B/Floor-1,95,normal
2026-04-09T00:36:21-05:00,sensor-003,pressure,1011.48,hPa,Building-B/Floor-1,97,normal
2026-04-09T00:51:21-05:00,sensor-003,pressure,1008.84,hPa,Building-B/Floor-1,98,normal
2026-04-09T01:06:21-05:00,sensor-003,pressure,1006.17,hPa,Building-B/Floor-1,98,normal
2026-04-09T01:21:21-05:00,sensor-003,pressure,1004.81,hPa,Building-B/Floor-1,99,normal
2026-04-09T01:36:21-05:00,sensor-003,pressure,1004.08,hPa,Building-B/Floor-1,96,normal
2026-04-09T01:51:21-05:00,sensor-003,pressure,1001.96,hPa,Building-B/Floor-1,71,warning
2026-04-09T02:06:21-05:00,sensor-003,pressure,1001.37,hPa,Building-B/Floor-1,98,normal
2026-04-09T02:21:21-05:00,sensor-003,pressure,999.45,hPa,Building-B/Floor-1,95,normal
2026-04-09T02:36:21-05:00,sensor-003,pressure,1000.32,hPa,Building-B/Floor-1,100,normal
2026-04-09T02:51:21-05:00,sensor-003,pressure,997.85,hPa,Building-B/Floor-1,99,normal
2026-04-09T03:06:21-05:00,sensor-003,pressure,999.20,hPa,Building-B/Floor-1,96,normal
2026-04-09T03:21:21-05:00,sensor-003,pressure,997.27,hPa,Building-B/Floor-1,100,normal
2026-04-09T03:36:21-05:00,sensor-003,pressure,999.05,hPa,Building-B/Floor-1,99,normal
2026-04-09T03:51:21-05:00,sensor-003,pressure,998.78,hPa,Building-B/Floor-1,96,normal
2026-04-09T04:06:21-05:00,sensor-003,pressure,999.72,hPa,Building-B/Floor-1,97,normal
2026-04-09T04:21:21-05:00,sensor-003,pressure,999.80,hPa,Building-B/Floor-1,98,normal
2026-04-09T04:36:21-05:00,sensor-003,pressure,1001.16,hPa,Building-B/Floor-1,99,normal
2026-04-09T04:51:21-05:00,sensor-003,pressure,1001.24,hPa,Building-B/Floor-1,99,normal
2026-04-09T05:06:21-05:00,sensor-003,pressure,1003.18,hPa,Building-B/Floor-1,97,normal
2026-04-09T05:21:21-05:00,sensor-003,pressure,1004.53,hPa,Building-B/Floor-1,99,normal
2026-04-09T05:36:21-05:00,sensor-003,pressure,1006.03,hPa,Building-B/Floor-1,98,normal
2026-04-09T05:51:21-05:00,sensor-003,pressure,1008.40,hPa,Building-B/Floor-1,100,normal
2026-04-09T06:06:21-05:00,sensor-003,pressure,1010.55,hPa,Building-B/Floor-1,95,normal
2026-04-09T06:21:21-05:00,sensor-003,pressure,1011.20,hPa,Building-B/Floor-1,98,normal
2026-04-09T06:36:21-05:00,sensor-003,pressure,1013.08,hPa,Building-B/Floor-1,100,normal
2026-04-09T06:51:21-05:00,sensor-003,pressure,1015.09,hPa,Building-B/Floor-1,100,normal
2026-04-09T07:06:21-05:00,sensor-003,pressure,1018.04,hPa,Building-B/Floor-1,98,normal
2026-04-09T07:21:21-05:00,sensor-003,pressure,1018.41,hPa,Building-B/Floor-1,98,normal
2026-04-09T07:36:21-05:00,sensor-003,pressure,1021.02,hPa,Building-B/Floor-1,99,normal
2026-04-09T07:51:21-05:00,sensor-003,pressure,1022.53,hPa,Building-B/Floor-1,99,normal
2026-04-09T08:06:21-05:00,sensor-003,pressure,1024.12,hPa,Building-B/Floor-1,100,normal
2026-04-09T08:21:21-05:00,sensor-003,pressure,1024.85,hPa,Building-B/Floor-1,98,normal
2026-04-09T08:36:21-05:00,sensor-003,pressure,1026.65,hPa,Building-B/Floor-1,96,normal
2026-04-09T08:51:21-05:00,sensor-003,pressure,1026.58,hPa,Building-B/Floor-1,98,normal
2026-04-09T09:06:21-05:00,sensor-003,pressure,1028.44,hPa,Building-B/Floor-1,98,normal
2026-04-09T09:21:21-05:00,sensor-003,pressure,1027.12,hPa,Building-B/Floor-1,100,normal
2026-04-09T09:36:21-05:00,sensor-003,pressure,1028.39,hPa,Building-B/Floor-1,99,normal
2026-04-09T09:51:21-05:00,sensor-003,pressure,1028.78,hPa,Building-B/Floor-1,100,normal
2026-04-09T10:06:21-05:00,sensor-003,pressure,1027.87,hPa,Building-B/Floor-1,100,normal
2026-04-09T10:21:21-05:00,sensor-003,pressure,1028.15,hPa,Building-B/Floor-1,100,normal
2026-04-09T10:36:21-05:00,sensor-003,pressure,1026.04,hPa,Building-B/Floor-1,96,normal
2026-04-09T10:51:21-05:00,sensor-003,pressure,1026.18,hPa,Building-B/Floor-1,98,normal
2026-04-09T11:06:21-05:00,sensor-003,pressure,1024.81,hPa,Building-B/Floor-1,96,normal
2026-04-09T11:21:21-05:00,sensor-003,pressure,1024.20,hPa,Building-B/Floor-1,96,normal
2026-04-09T11:36:21-05:00,sensor-003,pressure,1022.73,hPa,Building-B/Floor-1,98,normal
2026-04-09T11:51:21-05:00,sensor-003,pressure,1019.57,hPa,Building-B/Floor-1,96,normal
2026-04-09T12:06:21-05:00,sensor-003,pressure,1018.31,hPa,Building-B/Floor-1,98,normal
2026-04-09T12:21:21-05:00,sensor-003,pressure,1016.14,hPa,Building-B/Floor-1,99,normal
2026-04-09T12:36:21-05:00,sensor-003,pressure,1015.02,hPa,Building-B/Floor-1,100,normal
2026-04-09T12:51:21-05:00,sensor-003,pressure,1012.77,hPa,Building-B/Floor-1,100,normal
2026-04-07T11:06:21-05:00,sensor-004,co2,607.07,ppm,Warehouse/Zone-1,97,normal
2026-04-07T11:21:21-05:00,sensor-004,co2,605.65,ppm,Warehouse/Zone-1,99,normal
2026-04-07T11:36:21-05:00,sensor-004,co2,599.88,ppm,Warehouse/Zone-1,95,normal
2026-04-07T11:51:21-05:00,sensor-004,co2,595.27,ppm,Warehouse/Zone-1,100,normal
2026-04-07T12:06:21-05:00,sensor-004,co2,562.09,ppm,Warehouse/Zone-1,100,normal
2026-04-07T12:21:21-05:00,sensor-004,co2,557.66,ppm,Warehouse/Zone-1,96,normal
2026-04-07T12:36:21-05:00,sensor-004,co2,553.63,ppm,Warehouse/Zone-1,97,normal
2026-04-07T12:51:21-05:00,sensor-004,co2,539.24,ppm,Warehouse/Zone-1,100,normal
2026-04-07T13:06:21-05:00,sensor-004,co2,511.51,ppm,Warehouse/Zone-1,95,normal
2026-04-07T13:21:21-05:00,sensor-004,co2,488.50,ppm,Warehouse/Zone-1,96,normal
2026-04-07T13:36:21-05:00,sensor-004,co2,488.98,ppm,Warehouse/Zone-1,100,normal
2026-04-07T13:51:21-05:00,sensor-004,co2,455.24,ppm,Warehouse/Zone-1,96,normal
2026-04-07T14:06:21-05:00,sensor-004,co2,443.73,ppm,Warehouse/Zone-1,95,normal
2026-04-07T14:21:21-05:00,sensor-004,co2,421.30,ppm,Warehouse/Zone-1,98,normal
2026-04-07T14:36:21-05:00,sensor-004,co2,403.58,ppm,Warehouse/Zone-1,99,normal
2026-04-07T14:51:21-05:00,sensor-004,co2,396.83,ppm,Warehouse/Zone-1,99,normal
2026-04-07T15:06:21-05:00,sensor-004,co2,369.00,ppm,Warehouse/Zone-1,97,normal
2026-04-07T15:21:21-05:00,sensor-004,co2,341.39,ppm,Warehouse/Zone-1,100,normal
2026-04-07T15:36:21-05:00,sensor-004,co2,329.05,ppm,Warehouse/Zone-1,99,normal
2026-04-07T15:51:21-05:00,sensor-004,co2,329.51,ppm,Warehouse/Zone-1,99,normal
2026-04-07T16:06:21-05:00,sensor-004,co2,334.35,ppm,Warehouse/Zone-1,99,normal
2026-04-07T16:21:21-05:00,sensor-004,co2,321.77,ppm,Warehouse/Zone-1,98,normal
2026-04-07T16:36:21-05:00,sensor-004,co2,310.48,ppm,Warehouse/Zone-1,100,normal
2026-04-07T16:51:21-05:00,sensor-004,co2,295.65,ppm,Warehouse/Zone-1,99,normal
2026-04-07T17:06:21-05:00,sensor-004,co2,297.88,ppm,Warehouse/Zone-1,97,normal
2026-04-07T17:21:21-05:00,sensor-004,co2,296.32,ppm,Warehouse/Zone-1,99,normal
2026-04-07T17:36:21-05:00,sensor-004,co2,317.93,ppm,Warehouse/Zone-1,88,warning
2026-04-07T17:51:21-05:00,sensor-004,co2,305.13,ppm,Warehouse/Zone-1,98,normal
2026-04-07T18:06:21-05:00,sensor-004,co2,307.52,ppm,Warehouse/Zone-1,95,normal
2026-04-07T18:21:21-05:00,sensor-004,co2,330.85,ppm,Warehouse/Zone-1,100,normal
2026-04-07T18:36:21-05:00,sensor-004,co2,342.03,ppm,Warehouse/Zone-1,97,normal
2026-04-07T18:51:21-05:00,sensor-004,co2,352.04,ppm,Warehouse/Zone-1,100,normal
2026-04-07T19:06:21-05:00,sensor-004,co2,354.85,ppm,Warehouse/Zone-1,99,normal
2026-04-07T19:21:21-05:00,sensor-004,co2,398.17,ppm,Warehouse/Zone-1,99,normal
2026-04-07T19:36:21-05:00,sensor-004,co2,395.87,ppm,Warehouse/Zone-1,96,normal
2026-04-07T19:51:21-05:00,sensor-004,co2,426.59,ppm,Warehouse/Zone-1,98,normal
2026-04-07T20:06:21-05:00,sensor-004,co2,435.61,ppm,Warehouse/Zone-1,98,normal
2026-04-07T20:21:21-05:00,sensor-004,co2,468.41,ppm,Warehouse/Zone-1,97,normal
2026-04-07T20:36:21-05:00,sensor-004,co2,463.55,ppm,Warehouse/Zone-1,99,normal
2026-04-07T20:51:21-05:00,sensor-004,co2,492.39,ppm,Warehouse/Zone-1,97,normal
2026-04-07T21:06:21-05:00,sensor-004,co2,514.13,ppm,Warehouse/Zone-1,89,warning
2026-04-07T21:21:21-05:00,sensor-004,co2,532.95,ppm,Warehouse/Zone-1,97,normal
2026-04-07T21:36:21-05:00,sensor-004,co2,534.26,ppm,Warehouse/Zone-1,97,normal
2026-04-07T21:51:21-05:00,sensor-004,co2,562.12,ppm,Warehouse/Zone-1,95,normal
2026-04-07T22:06:21-05:00,sensor-004,co2,573.27,ppm,Warehouse/Zone-1,96,normal
2026-04-07T22:21:21-05:00,sensor-004,co2,578.66,ppm,Warehouse/Zone-1,100,normal
2026-04-07T22:36:21-05:00,sensor-004,co2,596.98,ppm,Warehouse/Zone-1,100,normal
2026-04-07T22:51:21-05:00,sensor-004,co2,606.33,ppm,Warehouse/Zone-1,96,normal
2026-04-07T23:06:21-05:00,sensor-004,co2,605.42,ppm,Warehouse/Zone-1,96,normal
2026-04-07T23:21:21-05:00,sensor-004,co2,594.60,ppm,Warehouse/Zone-1,99,normal
2026-04-07T23:36:21-05:00,sensor-004,co2,587.17,ppm,Warehouse/Zone-1,98,normal
2026-04-07T23:51:21-05:00,sensor-004,co2,593.36,ppm,Warehouse/Zone-1,100,normal
2026-04-08T00:06:21-05:00,sensor-004,co2,585.83,ppm,Warehouse/Zone-1,99,normal
2026-04-08T00:21:21-05:00,sensor-004,co2,582.05,ppm,Warehouse/Zone-1,100,normal
2026-04-08T00:36:21-05:00,sensor-004,co2,574.93,ppm,Warehouse/Zone-1,99,normal
2026-04-08T00:51:21-05:00,sensor-004,co2,576.35,ppm,Warehouse/Zone-1,99,normal
2026-04-08T01:06:21-05:00,sensor-004,co2,561.05,ppm,Warehouse/Zone-1,97,normal
2026-04-08T01:21:21-05:00,sensor-004,co2,541.70,ppm,Warehouse/Zone-1,100,normal
2026-04-08T01:36:21-05:00,sensor-004,co2,533.41,ppm,Warehouse/Zone-1,100,normal
2026-04-08T01:51:21-05:00,sensor-004,co2,509.51,ppm,Warehouse/Zone-1,100,normal
2026-04-08T02:06:21-05:00,sensor-004,co2,482.30,ppm,Warehouse/Zone-1,100,normal
2026-04-08T02:21:21-05:00,sensor-004,co2,451.99,ppm,Warehouse/Zone-1,98,normal
2026-04-08T02:36:21-05:00,sensor-004,co2,455.93,ppm,Warehouse/Zone-1,100,normal
2026-04-08T02:51:21-05:00,sensor-004,co2,426.31,ppm,Warehouse/Zone-1,98,normal
2026-04-08T03:06:21-05:00,sensor-004,co2,411.19,ppm,Warehouse/Zone-1,96,normal
2026-04-08T03:21:21-05:00,sensor-004,co2,397.83,ppm,Warehouse/Zone-1,100,normal
2026-04-08T03:36:21-05:00,sensor-004,co2,385.84,ppm,Warehouse/Zone-1,98,normal
2026-04-08T03:51:21-05:00,sensor-004,co2,370.85,ppm,Warehouse/Zone-1,100,normal
2026-04-08T04:06:21-05:00,sensor-004,co2,341.99,ppm,Warehouse/Zone-1,95,normal
2026-04-08T04:21:21-05:00,sensor-004,co2,318.91,ppm,Warehouse/Zone-1,96,normal
2026-04-08T04:36:21-05:00,sensor-004,co2,309.75,ppm,Warehouse/Zone-1,100,normal
2026-04-08T04:51:21-05:00,sensor-004,co2,304.62,ppm,Warehouse/Zone-1,95,normal
2026-04-08T05:06:21-05:00,sensor-004,co2,298.24,ppm,Warehouse/Zone-1,97,normal
2026-04-08T05:21:21-05:00,sensor-004,co2,308.10,ppm,Warehouse/Zone-1,95,normal
2026-04-08T05:36:21-05:00,sensor-004,co2,295.81,ppm,Warehouse/Zone-1,96,normal
2026-04-08T05:51:21-05:00,sensor-004,co2,285.76,ppm,Warehouse/Zone-1,98,normal
2026-04-08T06:06:21-05:00,sensor-004,co2,309.93,ppm,Warehouse/Zone-1,96,normal
2026-04-08T06:21:21-05:00,sensor-004,co2,301.19,ppm,Warehouse/Zone-1,98,normal
2026-04-08T06:36:21-05:00,sensor-004,co2,328.58,ppm,Warehouse/Zone-1,95,normal
2026-04-08T06:51:21-05:00,sensor-004,co2,316.42,ppm,Warehouse/Zone-1,98,normal
2026-04-08T07:06:21-05:00,sensor-004,co2,321.65,ppm,Warehouse/Zone-1,98,normal
2026-04-08T07:21:21-05:00,sensor-004,co2,342.55,ppm,Warehouse/Zone-1,96,normal
2026-04-08T07:36:21-05:00,sensor-004,co2,363.15,ppm,Warehouse/Zone-1,100,normal
2026-04-08T07:51:21-05:00,sensor-004,co2,378.71,ppm,Warehouse/Zone-1,99,normal
2026-04-08T08:06:21-05:00,sensor-004,co2,408.94,ppm,Warehouse/Zone-1,98,normal
2026-04-08T08:21:21-05:00,sensor-004,co2,411.66,ppm,Warehouse/Zone-1,97,normal
2026-04-08T08:36:21-05:00,sensor-004,co2,421.34,ppm,Warehouse/Zone-1,95,normal
2026-04-08T08:51:21-05:00,sensor-004,co2,463.29,ppm,Warehouse/Zone-1,99,normal
2026-04-08T09:06:21-05:00,sensor-004,co2,466.74,ppm,Warehouse/Zone-1,97,normal
2026-04-08T09:21:21-05:00,sensor-004,co2,491.56,ppm,Warehouse/Zone-1,97,normal
2026-04-08T09:36:21-05:00,sensor-004,co2,516.87,ppm,Warehouse/Zone-1,99,normal
2026-04-08T09:51:21-05:00,sensor-004,co2,534.50,ppm,Warehouse/Zone-1,100,normal
2026-04-08T10:06:21-05:00,sensor-004,co2,549.51,ppm,Warehouse/Zone-1,97,normal
2026-04-08T10:21:21-05:00,sensor-004,co2,539.83,ppm,Warehouse/Zone-1,95,normal
2026-04-08T10:36:21-05:00,sensor-004,co2,566.15,ppm,Warehouse/Zone-1,98,normal
2026-04-08T10:51:21-05:00,sensor-004,co2,582.64,ppm,Warehouse/Zone-1,100,normal
2026-04-08T11:06:21-05:00,sensor-004,co2,598.55,ppm,Warehouse/Zone-1,97,normal
2026-04-08T11:21:21-05:00,sensor-004,co2,587.81,ppm,Warehouse/Zone-1,99,normal
2026-04-08T11:36:21-05:00,sensor-004,co2,607.18,ppm,Warehouse/Zone-1,96,normal
2026-04-08T11:51:21-05:00,sensor-004,co2,602.51,ppm,Warehouse/Zone-1,100,normal
2026-04-08T12:06:21-05:00,sensor-004,co2,594.90,ppm,Warehouse/Zone-1,96,normal
2026-04-08T12:21:21-05:00,sensor-004,co2,612.26,ppm,Warehouse/Zone-1,100,normal
2026-04-08T12:36:21-05:00,sensor-004,co2,592.83,ppm,Warehouse/Zone-1,97,normal
2026-04-08T12:51:21-05:00,sensor-004,co2,585.53,ppm,Warehouse/Zone-1,96,normal
2026-04-08T13:06:21-05:00,sensor-004,co2,572.81,ppm,Warehouse/Zone-1,95,normal
2026-04-08T13:21:21-05:00,sensor-004,co2,576.99,ppm,Warehouse/Zone-1,96,normal
2026-04-08T13:36:21-05:00,sensor-004,co2,544.44,ppm,Warehouse/Zone-1,96,normal
2026-04-08T13:51:21-05:00,sensor-004,co2,524.79,ppm,Warehouse/Zone-1,99,normal
2026-04-08T14:06:21-05:00,sensor-004,co2,529.93,ppm,Warehouse/Zone-1,99,normal
2026-04-08T14:21:21-05:00,sensor-004,co2,497.01,ppm,Warehouse/Zone-1,95,normal
2026-04-08T14:36:21-05:00,sensor-004,co2,481.45,ppm,Warehouse/Zone-1,97,normal
2026-04-08T14:51:21-05:00,sensor-004,co2,457.10,ppm,Warehouse/Zone-1,100,normal
2026-04-08T15:06:21-05:00,sensor-004,co2,439.12,ppm,Warehouse/Zone-1,98,normal
2026-04-08T15:21:21-05:00,sensor-004,co2,422.33,ppm,Warehouse/Zone-1,96,normal
2026-04-08T15:36:21-05:00,sensor-004,co2,406.35,ppm,Warehouse/Zone-1,95,normal
2026-04-08T15:51:21-05:00,sensor-004,co2,396.69,ppm,Warehouse/Zone-1,95,normal
2026-04-08T16:06:21-05:00,sensor-004,co2,381.55,ppm,Warehouse/Zone-1,98,normal
2026-04-08T16:21:21-05:00,sensor-004,co2,353.44,ppm,Warehouse/Zone-1,97,normal
2026-04-08T16:36:21-05:00,sensor-004,co2,340.57,ppm,Warehouse/Zone-1,100,normal
2026-04-08T16:51:21-05:00,sensor-004,co2,330.95,ppm,Warehouse/Zone-1,95,normal
2026-04-08T17:06:21-05:00,sensor-004,co2,316.81,ppm,Warehouse/Zone-1,84,warning
2026-04-08T17:21:21-05:00,sensor-004,co2,302.92,ppm,Warehouse/Zone-1,98,normal
2026-04-08T17:36:21-05:00,sensor-004,co2,314.65,ppm,Warehouse/Zone-1,96,normal
2026-04-08T17:51:21-05:00,sensor-004,co2,301.83,ppm,Warehouse/Zone-1,95,normal
2026-04-08T18:06:21-05:00,sensor-004,co2,289.76,ppm,Warehouse/Zone-1,97,normal
2026-04-08T18:21:21-05:00,sensor-004,co2,313.19,ppm,Warehouse/Zone-1,100,normal
2026-04-08T18:36:21-05:00,sensor-004,co2,316.85,ppm,Warehouse/Zone-1,97,normal
2026-04-08T18:51:21-05:00,sensor-004,co2,314.33,ppm,Warehouse/Zone-1,95,normal
2026-04-08T19:06:21-05:00,sensor-004,co2,319.35,ppm,Warehouse/Zone-1,95,normal
2026-04-08T19:21:21-05:00,sensor-004,co2,335.50,ppm,Warehouse/Zone-1,95,normal
2026-04-08T19:36:21-05:00,sensor-004,co2,318.11,ppm,Warehouse/Zone-1,96,normal
2026-04-08T19:51:21-05:00,sensor-004,co2,350.26,ppm,Warehouse/Zone-1,97,normal
2026-04-08T20:06:21-05:00,sensor-004,co2,349.67,ppm,Warehouse/Zone-1,96,normal
2026-04-08T20:21:21-05:00,sensor-004,co2,363.91,ppm,Warehouse/Zone-1,100,normal
2026-04-08T20:36:21-05:00,sensor-004,co2,381.58,ppm,Warehouse/Zone-1,100,normal
2026-04-08T20:51:21-05:00,sensor-004,co2,395.43,ppm,Warehouse/Zone-1,98,normal
2026-04-08T21:06:21-05:00,sensor-004,co2,435.60,ppm,Warehouse/Zone-1,96,normal
2026-04-08T21:21:21-05:00,sensor-004,co2,435.53,ppm,Warehouse/Zone-1,98,normal
2026-04-08T21:36:21-05:00,sensor-004,co2,450.58,ppm,Warehouse/Zone-1,96,normal
2026-04-08T21:51:21-05:00,sensor-004,co2,468.92,ppm,Warehouse/Zone-1,99,normal
2026-04-08T22:06:21-05:00,sensor-004,co2,504.78,ppm,Warehouse/Zone-1,98,normal
2026-04-08T22:21:21-05:00,sensor-004,co2,528.10,ppm,Warehouse/Zone-1,97,normal
2026-04-08T22:36:21-05:00,sensor-004,co2,526.62,ppm,Warehouse/Zone-1,100,normal
2026-04-08T22:51:21-05:00,sensor-004,co2,543.01,ppm,Warehouse/Zone-1,98,normal
2026-04-08T23:06:21-05:00,sensor-004,co2,559.11,ppm,Warehouse/Zone-1,97,normal
2026-04-08T23:21:21-05:00,sensor-004,co2,576.13,ppm,Warehouse/Zone-1,99,normal
2026-04-08T23:36:21-05:00,sensor-004,co2,582.96,ppm,Warehouse/Zone-1,99,normal
2026-04-08T23:51:21-05:00,sensor-004,co2,594.17,ppm,Warehouse/Zone-1,95,normal
2026-04-09T00:06:21-05:00,sensor-004,co2,598.50,ppm,Warehouse/Zone-1,96,normal
2026-04-09T00:21:21-05:00,sensor-004,co2,598.73,ppm,Warehouse/Zone-1,95,normal
2026-04-09T00:36:21-05:00,sensor-004,co2,599.71,ppm,Warehouse/Zone-1,97,normal
2026-04-09T00:51:21-05:00,sensor-004,co2,591.50,ppm,Warehouse/Zone-1,96,normal
2026-04-09T01:06:21-05:00,sensor-004,co2,602.82,ppm,Warehouse/Zone-1,97,normal
2026-04-09T01:21:21-05:00,sensor-004,co2,581.46,ppm,Warehouse/Zone-1,96,normal
2026-04-09T01:36:21-05:00,sensor-004,co2,567.68,ppm,Warehouse/Zone-1,95,normal
2026-04-09T01:51:21-05:00,sensor-004,co2,557.33,ppm,Warehouse/Zone-1,96,normal
2026-04-09T02:06:21-05:00,sensor-004,co2,567.29,ppm,Warehouse/Zone-1,96,normal
2026-04-09T02:21:21-05:00,sensor-004,co2,539.38,ppm,Warehouse/Zone-1,98,normal
2026-04-09T02:36:21-05:00,sensor-004,co2,532.21,ppm,Warehouse/Zone-1,98,normal
2026-04-09T02:51:21-05:00,sensor-004,co2,504.96,ppm,Warehouse/Zone-1,95,normal
2026-04-09T03:06:21-05:00,sensor-004,co2,480.99,ppm,Warehouse/Zone-1,97,normal
2026-04-09T03:21:21-05:00,sensor-004,co2,487.24,ppm,Warehouse/Zone-1,98,normal
2026-04-09T03:36:21-05:00,sensor-004,co2,466.96,ppm,Warehouse/Zone-1,98,normal
2026-04-09T03:51:21-05:00,sensor-004,co2,430.93,ppm,Warehouse/Zone-1,99,normal
2026-04-09T04:06:21-05:00,sensor-004,co2,415.44,ppm,Warehouse/Zone-1,95,normal
2026-04-09T04:21:21-05:00,sensor-004,co2,410.18,ppm,Warehouse/Zone-1,97,normal
2026-04-09T04:36:21-05:00,sensor-004,co2,388.28,ppm,Warehouse/Zone-1,95,normal
2026-04-09T04:51:21-05:00,sensor-004,co2,353.62,ppm,Warehouse/Zone-1,96,normal
2026-04-09T05:06:21-05:00,sensor-004,co2,348.61,ppm,Warehouse/Zone-1,99,normal
2026-04-09T05:21:21-05:00,sensor-004,co2,326.24,ppm,Warehouse/Zone-1,96,normal
2026-04-09T05:36:21-05:00,sensor-004,co2,342.22,ppm,Warehouse/Zone-1,96,normal
2026-04-09T05:51:21-05:00,sensor-004,co2,316.97,ppm,Warehouse/Zone-1,95,normal
2026-04-09T06:06:21-05:00,sensor-004,co2,301.03,ppm,Warehouse/Zone-1,98,normal
2026-04-09T06:21:21-05:00,sensor-004,co2,305.29,ppm,Warehouse/Zone-1,100,normal
2026-04-09T06:36:21-05:00,sensor-004,co2,301.10,ppm,Warehouse/Zone-1,98,normal
2026-04-09T06:51:21-05:00,sensor-004,co2,298.50,ppm,Warehouse/Zone-1,96,normal
2026-04-09T07:06:21-05:00,sensor-004,co2,288.29,ppm,Warehouse/Zone-1,97,normal
2026-04-09T07:21:21-05:00,sensor-004,co2,294.34,ppm,Warehouse/Zone-1,99,normal
2026-04-09T07:36:21-05:00,sensor-004,co2,320.32,ppm,Warehouse/Zone-1,95,normal
2026-04-09T07:51:21-05:00,sensor-004,co2,316.74,ppm,Warehouse/Zone-1,97,normal
2026-04-09T08:06:21-05:00,sensor-004,co2,341.40,ppm,Warehouse/Zone-1,99,normal
2026-04-09T08:21:21-05:00,sensor-004,co2,337.36,ppm,Warehouse/Zone-1,97,normal
2026-04-09T08:36:21-05:00,sensor-004,co2,368.32,ppm,Warehouse/Zone-1,100,normal
2026-04-09T08:51:21-05:00,sensor-004,co2,366.12,ppm,Warehouse/Zone-1,96,normal
2026-04-09T09:06:21-05:00,sensor-004,co2,376.37,ppm,Warehouse/Zone-1,96,normal
2026-04-09T09:21:21-05:00,sensor-004,co2,417.69,ppm,Warehouse/Zone-1,97,normal
2026-04-09T09:36:21-05:00,sensor-004,co2,418.51,ppm,Warehouse/Zone-1,97,normal
2026-04-09T09:51:21-05:00,sensor-004,co2,446.21,ppm,Warehouse/Zone-1,97,normal
2026-04-09T10:06:21-05:00,sensor-004,co2,447.24,ppm,Warehouse/Zone-1,95,normal
2026-04-09T10:21:21-05:00,sensor-004,co2,467.32,ppm,Warehouse/Zone-1,95,normal
2026-04-09T10:36:21-05:00,sensor-004,co2,492.39,ppm,Warehouse/Zone-1,98,normal
2026-04-09T10:51:21-05:00,sensor-004,co2,522.72,ppm,Warehouse/Zone-1,98,normal
2026-04-09T11:06:21-05:00,sensor-004,co2,518.99,ppm,Warehouse/Zone-1,98,normal
2026-04-09T11:21:21-05:00,sensor-004,co2,556.18,ppm,Warehouse/Zone-1,100,normal
2026-04-09T11:36:21-05:00,sensor-004,co2,551.12,ppm,Warehouse/Zone-1,96,normal
2026-04-09T11:51:21-05:00,sensor-004,co2,575.53,ppm,Warehouse/Zone-1,97,normal
2026-04-09T12:06:21-05:00,sensor-004,co2,575.58,ppm,Warehouse/Zone-1,97,normal
2026-04-09T12:21:21-05:00,sensor-004,co2,584.55,ppm,Warehouse/Zone-1,95,normal
2026-04-09T12:36:21-05:00,sensor-004,co2,598.68,ppm,Warehouse/Zone-1,96,normal
2026-04-09T12:51:21-05:00,sensor-004,co2,603.89,ppm,Warehouse/Zone-1,100,normal
2026-04-07T11:06:21-05:00,sensor-005,light,470.80,lux,Server-Room,100,normal
2026-04-07T11:21:21-05:00,sensor-005,light,490.90,lux,Server-Room,96,normal
2026-04-07T11:36:21-05:00,sensor-005,light,523.66,lux,Server-Room,98,normal
2026-04-07T11:51:21-05:00,sensor-005,light,604.40,lux,Server-Room,98,normal
2026-04-07T12:06:21-05:00,sensor-005,light,625.25,lux,Server-Room,96,normal
2026-04-07T12:21:21-05:00,sensor-005,light,671.43,lux,Server-Room,97,normal
2026-04-07T12:36:21-05:00,sensor-005,light,684.14,lux,Server-Room,96,normal
2026-04-07T12:51:21-05:00,sensor-005,light,710.38,lux,Server-Room,97,normal
2026-04-07T13:06:21-05:00,sensor-005,light,726.58,lux,Server-Room,99,normal
2026-04-07T13:21:21-05:00,sensor-005,light,734.47,lux,Server-Room,96,normal
2026-04-07T13:36:21-05:00,sensor-005,light,759.13,lux,Server-Room,95,normal
2026-04-07T13:51:21-05:00,sensor-005,light,735.86,lux,Server-Room,100,normal
2026-04-07T14:06:21-05:00,sensor-005,light,730.41,lux,Server-Room,95,normal
2026-04-07T14:21:21-05:00,sensor-005,light,728.20,lux,Server-Room,96,normal
2026-04-07T14:36:21-05:00,sensor-005,light,704.45,lux,Server-Room,96,normal
2026-04-07T14:51:21-05:00,sensor-005,light,735.57,lux,Server-Room,96,normal
2026-04-07T15:06:21-05:00,sensor-005,light,683.27,lux,Server-Room,95,normal
2026-04-07T15:21:21-05:00,sensor-005,light,674.85,lux,Server-Room,97,normal
2026-04-07T15:36:21-05:00,sensor-005,light,651.03,lux,Server-Room,97,normal
2026-04-07T15:51:21-05:00,sensor-005,light,591.56,lux,Server-Room,100,normal
2026-04-07T16:06:21-05:00,sensor-005,light,577.01,lux,Server-Room,96,normal
2026-04-07T16:21:21-05:00,sensor-005,light,525.13,lux,Server-Room,99,normal
2026-04-07T16:36:21-05:00,sensor-005,light,489.19,lux,Server-Room,95,normal
2026-04-07T16:51:21-05:00,sensor-005,light,447.22,lux,Server-Room,97,normal
2026-04-07T17:06:21-05:00,sensor-005,light,371.53,lux,Server-Room,95,normal
2026-04-07T17:21:21-05:00,sensor-005,light,341.27,lux,Server-Room,99,normal
2026-04-07T17:36:21-05:00,sensor-005,light,296.38,lux,Server-Room,97,normal
2026-04-07T17:51:21-05:00,sensor-005,light,264.25,lux,Server-Room,95,normal
2026-04-07T18:06:21-05:00,sensor-005,light,228.87,lux,Server-Room,96,normal
2026-04-07T18:21:21-05:00,sensor-005,light,199.40,lux,Server-Room,95,normal
2026-04-07T18:36:21-05:00,sensor-005,light,167.67,lux,Server-Room,95,normal
2026-04-07T18:51:21-05:00,sensor-005,light,147.76,lux,Server-Room,100,normal
2026-04-07T19:06:21-05:00,sensor-005,light,79.15,lux,Server-Room,96,normal
2026-04-07T19:21:21-05:00,sensor-005,light,88.84,lux,Server-Room,95,normal
2026-04-07T19:36:21-05:00,sensor-005,light,57.95,lux,Server-Room,97,normal
2026-04-07T19:51:21-05:00,sensor-005,light,53.51,lux,Server-Room,100,normal
2026-04-07T20:06:21-05:00,sensor-005,light,25.80,lux,Server-Room,98,normal
2026-04-07T20:21:21-05:00,sensor-005,light,39.74,lux,Server-Room,99,normal
2026-04-07T20:36:21-05:00,sensor-005,light,69.16,lux,Server-Room,100,normal
2026-04-07T20:51:21-05:00,sensor-005,light,85.94,lux,Server-Room,95,normal
2026-04-07T21:06:21-05:00,sensor-005,light,108.91,lux,Server-Room,95,normal
2026-04-07T21:21:21-05:00,sensor-005,light,123.89,lux,Server-Room,98,normal
2026-04-07T21:36:21-05:00,sensor-005,light,110.45,lux,Server-Room,100,normal
2026-04-07T21:51:21-05:00,sensor-005,light,146.09,lux,Server-Room,95,normal
2026-04-07T22:06:21-05:00,sensor-005,light,215.88,lux,Server-Room,97,normal
2026-04-07T22:21:21-05:00,sensor-005,light,235.39,lux,Server-Room,99,normal
2026-04-07T22:36:21-05:00,sensor-005,light,280.37,lux,Server-Room,97,normal
2026-04-07T22:51:21-05:00,sensor-005,light,341.39,lux,Server-Room,95,normal
2026-04-07T23:06:21-05:00,sensor-005,light,353.64,lux,Server-Room,95,normal
2026-04-07T23:21:21-05:00,sensor-005,light,408.71,lux,Server-Room,95,normal
2026-04-07T23:36:21-05:00,sensor-005,light,459.68,lux,Server-Room,95,normal
2026-04-07T23:51:21-05:00,sensor-005,light,506.29,lux,Server-Room,96,normal
2026-04-08T00:06:21-05:00,sensor-005,light,540.14,lux,Server-Room,95,normal
2026-04-08T00:21:21-05:00,sensor-005,light,558.75,lux,Server-Room,99,normal
2026-04-08T00:36:21-05:00,sensor-005,light,611.93,lux,Server-Room,99,normal
2026-04-08T00:51:21-05:00,sensor-005,light,627.31,lux,Server-Room,97,normal
2026-04-08T01:06:21-05:00,sensor-005,light,672.92,lux,Server-Room,100,normal
2026-04-08T01:21:21-05:00,sensor-005,light,689.21,lux,Server-Room,97,normal
2026-04-08T01:36:21-05:00,sensor-005,light,734.06,lux,Server-Room,99,normal
2026-04-08T01:51:21-05:00,sensor-005,light,754.58,lux,Server-Room,96,normal
2026-04-08T02:06:21-05:00,sensor-005,light,740.70,lux,Server-Room,100,normal
2026-04-08T02:21:21-05:00,sensor-005,light,740.53,lux,Server-Room,97,normal
2026-04-08T02:36:21-05:00,sensor-005,light,762.56,lux,Server-Room,74,warning
2026-04-08T02:51:21-05:00,sensor-005,light,764.18,lux,Server-Room,97,normal
2026-04-08T03:06:21-05:00,sensor-005,light,714.25,lux,Server-Room,97,normal
2026-04-08T03:21:21-05:00,sensor-005,light,732.89,lux,Server-Room,99,normal
2026-04-08T03:36:21-05:00,sensor-005,light,682.23,lux,Server-Room,95,normal
2026-04-08T03:51:21-05:00,sensor-005,light,662.29,lux,Server-Room,100,normal
2026-04-08T04:06:21-05:00,sensor-005,light,657.18,lux,Server-Room,95,normal
2026-04-08T04:21:21-05:00,sensor-005,light,603.93,lux,Server-Room,96,normal
2026-04-08T04:36:21-05:00,sensor-005,light,564.53,lux,Server-Room,97,normal
2026-04-08T04:51:21-05:00,sensor-005,light,512.24,lux,Server-Room,99,normal
2026-04-08T05:06:21-05:00,sensor-005,light,501.46,lux,Server-Room,97,normal
2026-04-08T05:21:21-05:00,sensor-005,light,433.42,lux,Server-Room,100,normal
2026-04-08T05:36:21-05:00,sensor-005,light,423.23,lux,Server-Room,96,normal
2026-04-08T05:51:21-05:00,sensor-005,light,354.07,lux,Server-Room,98,normal
2026-04-08T06:06:21-05:00,sensor-005,light,325.24,lux,Server-Room,99,normal
2026-04-08T06:21:21-05:00,sensor-005,light,263.92,lux,Server-Room,95,normal
2026-04-08T06:36:21-05:00,sensor-005,light,212.82,lux,Server-Room,100,normal
2026-04-08T06:51:21-05:00,sensor-005,light,184.40,lux,Server-Room,96,normal
2026-04-08T07:06:21-05:00,sensor-005,light,161.77,lux,Server-Room,95,normal
2026-04-08T07:21:21-05:00,sensor-005,light,131.44,lux,Server-Room,95,normal
2026-04-08T07:36:21-05:00,sensor-005,light,91.92,lux,Server-Room,95,normal
2026-04-08T07:51:21-05:00,sensor-005,light,99.06,lux,Server-Room,99,normal
2026-04-08T08:06:21-05:00,sensor-005,light,92.91,lux,Server-Room,95,normal
2026-04-08T08:21:21-05:00,sensor-005,light,50.19,lux,Server-Room,96,normal
2026-04-08T08:36:21-05:00,sensor-005,light,38.49,lux,Server-Room,95,normal
2026-04-08T08:51:21-05:00,sensor-005,light,55.66,lux,Server-Room,96,normal
2026-04-08T09:06:21-05:00,sensor-005,light,58.43,lux,Server-Room,95,normal
2026-04-08T09:21:21-05:00,sensor-005,light,81.36,lux,Server-Room,99,normal
2026-04-08T09:36:21-05:00,sensor-005,light,102.18,lux,Server-Room,100,normal
2026-04-08T09:51:21-05:00,sensor-005,light,94.67,lux,Server-Room,97,normal
2026-04-08T10:06:21-05:00,sensor-005,light,134.16,lux,Server-Room,96,normal
2026-04-08T10:21:21-05:00,sensor-005,light,140.32,lux,Server-Room,99,normal
2026-04-08T10:36:21-05:00,sensor-005,light,199.38,lux,Server-Room,96,normal
2026-04-08T10:51:21-05:00,sensor-005,light,239.11,lux,Server-Room,97,normal
2026-04-08T11:06:21-05:00,sensor-005,light,246.21,lux,Server-Room,97,normal
2026-04-08T11:21:21-05:00,sensor-005,light,321.18,lux,Server-Room,99,normal
2026-04-08T11:36:21-05:00,sensor-005,light,330.22,lux,Server-Room,97,normal
2026-04-08T11:51:21-05:00,sensor-005,light,411.33,lux,Server-Room,99,normal
2026-04-08T12:06:21-05:00,sensor-005,light,430.34,lux,Server-Room,100,normal
2026-04-08T12:21:21-05:00,sensor-005,light,502.11,lux,Server-Room,98,normal
2026-04-08T12:36:21-05:00,sensor-005,light,521.23,lux,Server-Room,100,normal
2026-04-08T12:51:21-05:00,sensor-005,light,564.25,lux,Server-Room,98,normal
2026-04-08T13:06:21-05:00,sensor-005,light,612.36,lux,Server-Room,84,warning
2026-04-08T13:21:21-05:00,sensor-005,light,630.99,lux,Server-Room,100,normal
2026-04-08T13:36:21-05:00,sensor-005,light,658.22,lux,Server-Room,96,normal
2026-04-08T13:51:21-05:00,sensor-005,light,678.29,lux,Server-Room,96,normal
2026-04-08T14:06:21-05:00,sensor-005,light,737.66,lux,Server-Room,95,normal
2026-04-08T14:21:21-05:00,sensor-005,light,725.47,lux,Server-Room,95,normal
2026-04-08T14:36:21-05:00,sensor-005,light,728.04,lux,Server-Room,99,normal
2026-04-08T14:51:21-05:00,sensor-005,light,738.27,lux,Server-Room,96,normal
2026-04-08T15:06:21-05:00,sensor-005,light,740.11,lux,Server-Room,96,normal
2026-04-08T15:21:21-05:00,sensor-005,light,756.65,lux,Server-Room,95,normal
2026-04-08T15:36:21-05:00,sensor-005,light,745.71,lux,Server-Room,95,normal
2026-04-08T15:51:21-05:00,sensor-005,light,716.50,lux,Server-Room,76,warning
2026-04-08T16:06:21-05:00,sensor-005,light,723.58,lux,Server-Room,99,normal
2026-04-08T16:21:21-05:00,sensor-005,light,657.91,lux,Server-Room,97,normal
2026-04-08T16:36:21-05:00,sensor-005,light,639.60,lux,Server-Room,96,normal
2026-04-08T16:51:21-05:00,sensor-005,light,628.04,lux,Server-Room,98,normal
2026-04-08T17:06:21-05:00,sensor-005,light,585.92,lux,Server-Room,97,normal
2026-04-08T17:21:21-05:00,sensor-005,light,554.06,lux,Server-Room,100,normal
2026-04-08T17:36:21-05:00,sensor-005,light,518.40,lux,Server-Room,97,normal
2026-04-08T17:51:21-05:00,sensor-005,light,465.29,lux,Server-Room,96,normal
2026-04-08T18:06:21-05:00,sensor-005,light,423.22,lux,Server-Room,95,normal
2026-04-08T18:21:21-05:00,sensor-005,light,383.17,lux,Server-Room,98,normal
2026-04-08T18:36:21-05:00,sensor-005,light,332.36,lux,Server-Room,95,normal
2026-04-08T18:51:21-05:00,sensor-005,light,286.64,lux,Server-Room,100,normal
2026-04-08T19:06:21-05:00,sensor-005,light,232.53,lux,Server-Room,100,normal
2026-04-08T19:21:21-05:00,sensor-005,light,205.59,lux,Server-Room,95,normal
2026-04-08T19:36:21-05:00,sensor-005,light,152.19,lux,Server-Room,98,normal
2026-04-08T19:51:21-05:00,sensor-005,light,159.49,lux,Server-Room,97,normal
2026-04-08T20:06:21-05:00,sensor-005,light,135.38,lux,Server-Room,100,normal
2026-04-08T20:21:21-05:00,sensor-005,light,100.39,lux,Server-Room,100,normal
2026-04-08T20:36:21-05:00,sensor-005,light,61.74,lux,Server-Room,100,normal
2026-04-08T20:51:21-05:00,sensor-005,light,63.10,lux,Server-Room,97,normal
2026-04-08T21:06:21-05:00,sensor-005,light,27.99,lux,Server-Room,96,normal
2026-04-08T21:21:21-05:00,sensor-005,light,64.84,lux,Server-Room,99,normal
2026-04-08T21:36:21-05:00,sensor-005,light,64.70,lux,Server-Room,96,normal
2026-04-08T21:51:21-05:00,sensor-005,light,51.98,lux,Server-Room,95,normal
2026-04-08T22:06:21-05:00,sensor-005,light,96.06,lux,Server-Room,96,normal
2026-04-08T22:21:21-05:00,sensor-005,light,89.57,lux,Server-Room,98,normal
2026-04-08T22:36:21-05:00,sensor-005,light,143.00,lux,Server-Room,98,normal
2026-04-08T22:51:21-05:00,sensor-005,light,124.68,lux,Server-Room,100,normal
2026-04-08T23:06:21-05:00,sensor-005,light,192.87,lux,Server-Room,96,normal
2026-04-08T23:21:21-05:00,sensor-005,light,220.19,lux,Server-Room,99,normal
2026-04-08T23:36:21-05:00,sensor-005,light,278.47,lux,Server-Room,96,normal
2026-04-08T23:51:21-05:00,sensor-005,light,287.04,lux,Server-Room,97,normal
2026-04-09T00:06:21-05:00,sensor-005,light,345.65,lux,Server-Room,98,normal
2026-04-09T00:21:21-05:00,sensor-005,light,394.36,lux,Server-Room,96,normal
2026-04-09T00:36:21-05:00,sensor-005,light,411.22,lux,Server-Room,96,normal
2026-04-09T00:51:21-05:00,sensor-005,light,444.79,lux,Server-Room,97,normal
2026-04-09T01:06:21-05:00,sensor-005,light,508.57,lux,Server-Room,100,normal
2026-04-09T01:21:21-05:00,sensor-005,light,570.32,lux,Server-Room,99,normal
2026-04-09T01:36:21-05:00,sensor-005,light,599.90,lux,Server-Room,98,normal
2026-04-09T01:51:21-05:00,sensor-005,light,620.88,lux,Server-Room,97,normal
2026-04-09T02:06:21-05:00,sensor-005,light,636.71,lux,Server-Room,96,normal
2026-04-09T02:21:21-05:00,sensor-005,light,662.66,lux,Server-Room,96,normal
2026-04-09T02:36:21-05:00,sensor-005,light,707.36,lux,Server-Room,96,normal
2026-04-09T02:51:21-05:00,sensor-005,light,739.66,lux,Server-Room,95,normal
2026-04-09T03:06:21-05:00,sensor-005,light,741.34,lux,Server-Room,98,normal
2026-04-09T03:21:21-05:00,sensor-005,light,761.02,lux,Server-Room,100,normal
2026-04-09T03:36:21-05:00,sensor-005,light,772.26,lux,Server-Room,98,normal
2026-04-09T03:51:21-05:00,sensor-005,light,756.81,lux,Server-Room,98,normal
2026-04-09T04:06:21-05:00,sensor-005,light,730.59,lux,Server-Room,97,normal
2026-04-09T04:21:21-05:00,sensor-005,light,735.55,lux,Server-Room,95,normal
2026-04-09T04:36:21-05:00,sensor-005,light,726.05,lux,Server-Room,95,normal
2026-04-09T04:51:21-05:00,sensor-005,light,664.34,lux,Server-Room,99,normal
2026-04-09T05:06:21-05:00,sensor-005,light,638.22,lux,Server-Room,98,normal
2026-04-09T05:21:21-05:00,sensor-005,light,643.44,lux,Server-Room,96,normal
2026-04-09T05:36:21-05:00,sensor-005,light,566.68,lux,Server-Room,97,normal
2026-04-09T05:51:21-05:00,sensor-005,light,532.01,lux,Server-Room,98,normal
2026-04-09T06:06:21-05:00,sensor-005,light,505.60,lux,Server-Room,97,normal
2026-04-09T06:21:21-05:00,sensor-005,light,452.45,lux,Server-Room,95,normal
2026-04-09T06:36:21-05:00,sensor-005,light,406.93,lux,Server-Room,97,normal
2026-04-09T06:51:21-05:00,sensor-005,light,374.81,lux,Server-Room,31,error
2026-04-09T07:06:21-05:00,sensor-005,light,341.96,lux,Server-Room,97,normal
2026-04-09T07:21:21-05:00,sensor-005,light,307.12,lux,Server-Room,99,normal
2026-04-09T07:36:21-05:00,sensor-005,light,239.86,lux,Server-Room,96,normal
2026-04-09T07:51:21-05:00,sensor-005,light,237.22,lux,Server-Room,96,normal
2026-04-09T08:06:21-05:00,sensor-005,light,161.54,lux,Server-Room,100,normal
2026-04-09T08:21:21-05:00,sensor-005,light,128.46,lux,Server-Room,98,normal
2026-04-09T08:36:21-05:00,sensor-005,light,105.59,lux,Server-Room,99,normal
2026-04-09T08:51:21-05:00,sensor-005,light,77.56,lux,Server-Room,98,normal
2026-04-09T09:06:21-05:00,sensor-005,light,73.40,lux,Server-Room,98,normal
2026-04-09T09:21:21-05:00,sensor-005,light,62.68,lux,Server-Room,100,normal
2026-04-09T09:36:21-05:00,sensor-005,light,69.54,lux,Server-Room,96,normal
2026-04-09T09:51:21-05:00,sensor-005,light,38.61,lux,Server-Room,96,normal
2026-04-09T10:06:21-05:00,sensor-005,light,76.91,lux,Server-Room,98,normal
2026-04-09T10:21:21-05:00,sensor-005,light,38.09,lux,Server-Room,99,normal
2026-04-09T10:36:21-05:00,sensor-005,light,62.97,lux,Server-Room,99,normal
2026-04-09T10:51:21-05:00,sensor-005,light,81.23,lux,Server-Room,97,normal
2026-04-09T11:06:21-05:00,sensor-005,light,112.53,lux,Server-Room,98,normal
2026-04-09T11:21:21-05:00,sensor-005,light,151.88,lux,Server-Room,98,normal
2026-04-09T11:36:21-05:00,sensor-005,light,189.97,lux,Server-Room,100,normal
2026-04-09T11:51:21-05:00,sensor-005,light,231.08,lux,Server-Room,98,normal
2026-04-09T12:06:21-05:00,sensor-005,light,228.72,lux,Server-Room,95,normal
2026-04-09T12:21:21-05:00,sensor-005,light,307.46,lux,Server-Room,98,normal
2026-04-09T12:36:21-05:00,sensor-005,light,311.54,lux,Server-Room,98,normal
2026-04-09T12:51:21-05:00,sensor-005,light,358.03,lux,Server-Room,99,normal
